solid OpenSCAD_Model
  facet normal -0.965927 -0.258816 0
    outer loop
      vertex 0.0482454 0.526383 0
      vertex 0.0121536 0.661081 3
      vertex 0.0121536 0.661081 0
    endloop
  endfacet
  facet normal -0.965927 -0.258816 0
    outer loop
      vertex 0.0121536 0.661081 3
      vertex 0.0482454 0.526383 0
      vertex 0.0482454 0.526383 3
    endloop
  endfacet
  facet normal -0.906304 -0.422626 0
    outer loop
      vertex 0.10718 0.4 0
      vertex 0.0482454 0.526383 3
      vertex 0.0482454 0.526383 0
    endloop
  endfacet
  facet normal -0.906304 -0.422626 0
    outer loop
      vertex 0.0482454 0.526383 3
      vertex 0.10718 0.4 0
      vertex 0.10718 0.4 3
    endloop
  endfacet
  facet normal -0.996195 -0.0871547 0
    outer loop
      vertex 0.0121536 0.661081 0
      vertex 0 0.799999 3
      vertex 0 0.799999 0
    endloop
  endfacet
  facet normal -0.996195 -0.0871547 0
    outer loop
      vertex 0 0.799999 3
      vertex 0.0121536 0.661081 0
      vertex 0.0121536 0.661081 3
    endloop
  endfacet
  facet normal 0 -1 0
    outer loop
      vertex 0.799999 0 0
      vertex 21.6 0 3
      vertex 0.799999 0 3
    endloop
  endfacet
  facet normal 0 -1 -0
    outer loop
      vertex 21.6 0 3
      vertex 0.799999 0 0
      vertex 21.6 0 0
    endloop
  endfacet
  facet normal -0 0 1
    outer loop
      vertex 22.3973 1.22374 3
      vertex 22.4 0.799999 3
      vertex 22.4 1.255 3
    endloop
  endfacet
  facet normal -0 0 1
    outer loop
      vertex 22.3891 1.19344 3
      vertex 22.4 0.799999 3
      vertex 22.3973 1.22374 3
    endloop
  endfacet
  facet normal -0 0 1
    outer loop
      vertex 22.3759 1.165 3
      vertex 22.4 0.799999 3
      vertex 22.3891 1.19344 3
    endloop
  endfacet
  facet normal -0 0 1
    outer loop
      vertex 22.3579 1.1393 3
      vertex 22.4 0.799999 3
      vertex 22.3759 1.165 3
    endloop
  endfacet
  facet normal -0 0 1
    outer loop
      vertex 22.3357 1.11711 3
      vertex 22.4 0.799999 3
      vertex 22.3579 1.1393 3
    endloop
  endfacet
  facet normal -0 0 1
    outer loop
      vertex 22.31 1.09912 3
      vertex 22.4 0.799999 3
      vertex 22.3357 1.11711 3
    endloop
  endfacet
  facet normal -0 0 1
    outer loop
      vertex 22.2816 1.08585 3
      vertex 22.4 0.799999 3
      vertex 22.31 1.09912 3
    endloop
  endfacet
  facet normal -0 0 1
    outer loop
      vertex 22.2513 1.07773 3
      vertex 22.4 0.799999 3
      vertex 22.2816 1.08585 3
    endloop
  endfacet
  facet normal -0 0 1
    outer loop
      vertex 22.22 1.075 3
      vertex 22.4 0.799999 3
      vertex 22.2513 1.07773 3
    endloop
  endfacet
  facet normal 0 0 1
    outer loop
      vertex 22.4 0.799999 3
      vertex 22.22 1.075 3
      vertex 22.3878 0.661081 3
    endloop
  endfacet
  facet normal 0 0 1
    outer loop
      vertex 22.3878 0.661081 3
      vertex 22.22 1.075 3
      vertex 22.3518 0.526383 3
    endloop
  endfacet
  facet normal 0 0 1
    outer loop
      vertex 22.3518 0.526383 3
      vertex 22.22 1.075 3
      vertex 22.2928 0.4 3
    endloop
  endfacet
  facet normal 0 0 1
    outer loop
      vertex 22.22 1.075 3
      vertex 22.2128 0.285769 3
      vertex 22.2928 0.4 3
    endloop
  endfacet
  facet normal 0 0 1
    outer loop
      vertex 22.22 1.075 3
      vertex 22.1142 0.187164 3
      vertex 22.2128 0.285769 3
    endloop
  endfacet
  facet normal 0 0 1
    outer loop
      vertex 22.22 1.075 3
      vertex 22 0.10718 3
      vertex 22.1142 0.187164 3
    endloop
  endfacet
  facet normal 0 0 1
    outer loop
      vertex 22.22 1.075 3
      vertex 21.8736 0.0482454 3
      vertex 22 0.10718 3
    endloop
  endfacet
  facet normal 0 0 1
    outer loop
      vertex 22.22 1.075 3
      vertex 21.7389 0.0121536 3
      vertex 21.8736 0.0482454 3
    endloop
  endfacet
  facet normal 0 0 1
    outer loop
      vertex 22.22 1.075 3
      vertex 21.6 0 3
      vertex 21.7389 0.0121536 3
    endloop
  endfacet
  facet normal 0 0 1
    outer loop
      vertex 22.22 1.075 3
      vertex 0.799999 0 3
      vertex 21.6 0 3
    endloop
  endfacet
  facet normal -0 0 1
    outer loop
      vertex 0.179999 1.075 3
      vertex 0.799999 0 3
      vertex 22.22 1.075 3
    endloop
  endfacet
  facet normal 0 0 1
    outer loop
      vertex 0.799999 0 3
      vertex 0.179999 1.075 3
      vertex 0.661081 0.0121536 3
    endloop
  endfacet
  facet normal 0 0 1
    outer loop
      vertex 0.661081 0.0121536 3
      vertex 0.179999 1.075 3
      vertex 0.526383 0.0482454 3
    endloop
  endfacet
  facet normal 0 0 1
    outer loop
      vertex 0.526383 0.0482454 3
      vertex 0.179999 1.075 3
      vertex 0.4 0.10718 3
    endloop
  endfacet
  facet normal 0 0 1
    outer loop
      vertex 0.4 0.10718 3
      vertex 0.179999 1.075 3
      vertex 0.285769 0.187164 3
    endloop
  endfacet
  facet normal 0 0 1
    outer loop
      vertex 0.285769 0.187164 3
      vertex 0.179999 1.075 3
      vertex 0.187164 0.285769 3
    endloop
  endfacet
  facet normal 0 0 1
    outer loop
      vertex 0 0.799999 3
      vertex 0.179999 1.075 3
      vertex 0.148743 1.07773 3
    endloop
  endfacet
  facet normal 0 0 1
    outer loop
      vertex 0 0.799999 3
      vertex 0.148743 1.07773 3
      vertex 0.118436 1.08585 3
    endloop
  endfacet
  facet normal 0 0 1
    outer loop
      vertex 0.179999 1.075 3
      vertex 0.10718 0.4 3
      vertex 0.187164 0.285769 3
    endloop
  endfacet
  facet normal 0 0 1
    outer loop
      vertex 0 0.799999 3
      vertex 0.118436 1.08585 3
      vertex 0.0899992 1.09912 3
    endloop
  endfacet
  facet normal 0 0 1
    outer loop
      vertex 0 0.799999 3
      vertex 0.0899992 1.09912 3
      vertex 0.0642977 1.11711 3
    endloop
  endfacet
  facet normal 0 0 1
    outer loop
      vertex 0.179999 1.075 3
      vertex 0.0482454 0.526383 3
      vertex 0.10718 0.4 3
    endloop
  endfacet
  facet normal 0 0 1
    outer loop
      vertex 0 0.799999 3
      vertex 0.0642977 1.11711 3
      vertex 0.0421114 1.1393 3
    endloop
  endfacet
  facet normal 0 0 1
    outer loop
      vertex 0 0.799999 3
      vertex 0.0421114 1.1393 3
      vertex 0.0241146 1.165 3
    endloop
  endfacet
  facet normal 0 0 1
    outer loop
      vertex 0.179999 1.075 3
      vertex 0 0.799999 3
      vertex 0.0121536 0.661081 3
    endloop
  endfacet
  facet normal 0 0 1
    outer loop
      vertex 0 0.799999 3
      vertex 0.0241146 1.165 3
      vertex 0.0108547 1.19344 3
    endloop
  endfacet
  facet normal 0 0 1
    outer loop
      vertex 0 0.799999 3
      vertex 0.0108547 1.19344 3
      vertex 0.00273418 1.22374 3
    endloop
  endfacet
  facet normal 0 0 1
    outer loop
      vertex 0 0.799999 3
      vertex 0.00273418 1.22374 3
      vertex 0 1.255 3
    endloop
  endfacet
  facet normal 0 0 1
    outer loop
      vertex 0.179999 1.075 3
      vertex 0.0121536 0.661081 3
      vertex 0.0482454 0.526383 3
    endloop
  endfacet
  facet normal 0 0 1
    outer loop
      vertex 22.4 33.6 3
      vertex 22.3973 33.1763 3
      vertex 22.4 33.145 3
    endloop
  endfacet
  facet normal 0 0 1
    outer loop
      vertex 22.4 33.6 3
      vertex 22.3891 33.2066 3
      vertex 22.3973 33.1763 3
    endloop
  endfacet
  facet normal 0 0 1
    outer loop
      vertex 22.22 33.325 3
      vertex 22.4 33.6 3
      vertex 22.3878 33.7389 3
    endloop
  endfacet
  facet normal 0 0 1
    outer loop
      vertex 22.4 33.6 3
      vertex 22.3759 33.235 3
      vertex 22.3891 33.2066 3
    endloop
  endfacet
  facet normal 0 0 1
    outer loop
      vertex 22.4 33.6 3
      vertex 22.3579 33.2607 3
      vertex 22.3759 33.235 3
    endloop
  endfacet
  facet normal 0 0 1
    outer loop
      vertex 22.22 33.325 3
      vertex 22.3878 33.7389 3
      vertex 22.3518 33.8736 3
    endloop
  endfacet
  facet normal 0 0 1
    outer loop
      vertex 22.4 33.6 3
      vertex 22.3357 33.2829 3
      vertex 22.3579 33.2607 3
    endloop
  endfacet
  facet normal 0 0 1
    outer loop
      vertex 22.4 33.6 3
      vertex 22.31 33.3009 3
      vertex 22.3357 33.2829 3
    endloop
  endfacet
  facet normal 0 0 1
    outer loop
      vertex 22.22 33.325 3
      vertex 22.3518 33.8736 3
      vertex 22.2928 34 3
    endloop
  endfacet
  facet normal 0 0 1
    outer loop
      vertex 22.4 33.6 3
      vertex 22.2816 33.3141 3
      vertex 22.31 33.3009 3
    endloop
  endfacet
  facet normal 0 0 1
    outer loop
      vertex 22.4 33.6 3
      vertex 22.2513 33.3223 3
      vertex 22.2816 33.3141 3
    endloop
  endfacet
  facet normal 0 0 1
    outer loop
      vertex 22.4 33.6 3
      vertex 22.22 33.325 3
      vertex 22.2513 33.3223 3
    endloop
  endfacet
  facet normal 0 0 1
    outer loop
      vertex 22.2128 34.1142 3
      vertex 22.22 33.325 3
      vertex 22.2928 34 3
    endloop
  endfacet
  facet normal 0 0 1
    outer loop
      vertex 22.1142 34.2128 3
      vertex 22.22 33.325 3
      vertex 22.2128 34.1142 3
    endloop
  endfacet
  facet normal 0 0 1
    outer loop
      vertex 22 34.2928 3
      vertex 22.22 33.325 3
      vertex 22.1142 34.2128 3
    endloop
  endfacet
  facet normal 0 0 1
    outer loop
      vertex 21.8736 34.3518 3
      vertex 22.22 33.325 3
      vertex 22 34.2928 3
    endloop
  endfacet
  facet normal 0 0 1
    outer loop
      vertex 21.7389 34.3878 3
      vertex 22.22 33.325 3
      vertex 21.8736 34.3518 3
    endloop
  endfacet
  facet normal 0 0 1
    outer loop
      vertex 21.6 34.4 3
      vertex 22.22 33.325 3
      vertex 21.7389 34.3878 3
    endloop
  endfacet
  facet normal -0 0 1
    outer loop
      vertex 0.799999 34.4 3
      vertex 22.22 33.325 3
      vertex 21.6 34.4 3
    endloop
  endfacet
  facet normal 0 0 1
    outer loop
      vertex 0.179999 33.325 3
      vertex 0.799999 34.4 3
      vertex 0.661081 34.3878 3
    endloop
  endfacet
  facet normal 0 0 1
    outer loop
      vertex 0.179999 33.325 3
      vertex 0.661081 34.3878 3
      vertex 0.526383 34.3518 3
    endloop
  endfacet
  facet normal 0 0 1
    outer loop
      vertex 0.179999 33.325 3
      vertex 0.526383 34.3518 3
      vertex 0.4 34.2928 3
    endloop
  endfacet
  facet normal 0 0 1
    outer loop
      vertex 0.179999 33.325 3
      vertex 0.4 34.2928 3
      vertex 0.285769 34.2128 3
    endloop
  endfacet
  facet normal 0 0 1
    outer loop
      vertex 0.179999 33.325 3
      vertex 0.285769 34.2128 3
      vertex 0.187164 34.1142 3
    endloop
  endfacet
  facet normal 0 0 1
    outer loop
      vertex 0.799999 34.4 3
      vertex 0.179999 33.325 3
      vertex 22.22 33.325 3
    endloop
  endfacet
  facet normal -0 0 1
    outer loop
      vertex 0.10718 34 3
      vertex 0.179999 33.325 3
      vertex 0.187164 34.1142 3
    endloop
  endfacet
  facet normal -0 0 1
    outer loop
      vertex 0.0482454 33.8736 3
      vertex 0.179999 33.325 3
      vertex 0.10718 34 3
    endloop
  endfacet
  facet normal -0 0 1
    outer loop
      vertex 0.0121536 33.7389 3
      vertex 0.179999 33.325 3
      vertex 0.0482454 33.8736 3
    endloop
  endfacet
  facet normal -0 0 1
    outer loop
      vertex 0 33.6 3
      vertex 0.179999 33.325 3
      vertex 0.0121536 33.7389 3
    endloop
  endfacet
  facet normal 0 0 1
    outer loop
      vertex 0.179999 33.325 3
      vertex 0 33.6 3
      vertex 0.148743 33.3223 3
    endloop
  endfacet
  facet normal 0 0 1
    outer loop
      vertex 0.148743 33.3223 3
      vertex 0 33.6 3
      vertex 0.118436 33.3141 3
    endloop
  endfacet
  facet normal 0 0 1
    outer loop
      vertex 0.0899992 33.3009 3
      vertex 0 33.6 3
      vertex 0.0642977 33.2829 3
    endloop
  endfacet
  facet normal 0 0 1
    outer loop
      vertex 0.0642977 33.2829 3
      vertex 0 33.6 3
      vertex 0.0421114 33.2607 3
    endloop
  endfacet
  facet normal 0 0 1
    outer loop
      vertex 0.118436 33.3141 3
      vertex 0 33.6 3
      vertex 0.0899992 33.3009 3
    endloop
  endfacet
  facet normal 0 0 1
    outer loop
      vertex 0.0421114 33.2607 3
      vertex 0 33.6 3
      vertex 0.0241146 33.235 3
    endloop
  endfacet
  facet normal 0 0 1
    outer loop
      vertex 0.0241146 33.235 3
      vertex 0 33.6 3
      vertex 0.0108547 33.2066 3
    endloop
  endfacet
  facet normal 0 0 1
    outer loop
      vertex 0.0108547 33.2066 3
      vertex 0 33.6 3
      vertex 0.00273418 33.1763 3
    endloop
  endfacet
  facet normal 0 0 1
    outer loop
      vertex 0.00273418 33.1763 3
      vertex 0 33.6 3
      vertex 0 33.145 3
    endloop
  endfacet
  facet normal 0 0 1
    outer loop
      vertex 17.275 14.475 3
      vertex 16.4 9.85 3
      vertex 17.275 2.525 3
    endloop
  endfacet
  facet normal 0 0 1
    outer loop
      vertex 17.275 14.475 3
      vertex 16.3947 9.91078 3
      vertex 16.4 9.85 3
    endloop
  endfacet
  facet normal 0 0 1
    outer loop
      vertex 17.275 14.475 3
      vertex 16.3789 9.96971 3
      vertex 16.3947 9.91078 3
    endloop
  endfacet
  facet normal 0 0 1
    outer loop
      vertex 17.275 14.475 3
      vertex 16.3531 10.025 3
      vertex 16.3789 9.96971 3
    endloop
  endfacet
  facet normal 0 0 1
    outer loop
      vertex 17.275 14.475 3
      vertex 16.3181 10.075 3
      vertex 16.3531 10.025 3
    endloop
  endfacet
  facet normal 0 0 1
    outer loop
      vertex 17.275 14.475 3
      vertex 16.275 10.1181 3
      vertex 16.3181 10.075 3
    endloop
  endfacet
  facet normal 0 0 1
    outer loop
      vertex 17.275 14.475 3
      vertex 16.225 10.1531 3
      vertex 16.275 10.1181 3
    endloop
  endfacet
  facet normal 0 0 1
    outer loop
      vertex 17.275 14.475 3
      vertex 16.1697 10.1789 3
      vertex 16.225 10.1531 3
    endloop
  endfacet
  facet normal 0 0 1
    outer loop
      vertex 17.275 14.475 3
      vertex 16.1108 10.1947 3
      vertex 16.1697 10.1789 3
    endloop
  endfacet
  facet normal 0 0 1
    outer loop
      vertex 17.275 14.475 3
      vertex 16.05 10.2 3
      vertex 16.1108 10.1947 3
    endloop
  endfacet
  facet normal 0 0 1
    outer loop
      vertex 17.275 14.475 3
      vertex 5.35 10.2 3
      vertex 16.05 10.2 3
    endloop
  endfacet
  facet normal -0 0 1
    outer loop
      vertex 0.179999 14.475 3
      vertex 5.35 10.2 3
      vertex 17.275 14.475 3
    endloop
  endfacet
  facet normal 0 0 1
    outer loop
      vertex 5.35 10.2 3
      vertex 0.179999 14.475 3
      vertex 5.28922 10.1947 3
    endloop
  endfacet
  facet normal 0 0 1
    outer loop
      vertex 0.148743 14.4777 3
      vertex 5 9.85 3
      vertex 0.179999 14.475 3
    endloop
  endfacet
  facet normal 0 0 1
    outer loop
      vertex 5.00532 9.91078 3
      vertex 0.179999 14.475 3
      vertex 5 9.85 3
    endloop
  endfacet
  facet normal 0 0 1
    outer loop
      vertex 5.02111 9.96971 3
      vertex 0.179999 14.475 3
      vertex 5.00532 9.91078 3
    endloop
  endfacet
  facet normal 0 0 1
    outer loop
      vertex 5.04689 10.025 3
      vertex 0.179999 14.475 3
      vertex 5.02111 9.96971 3
    endloop
  endfacet
  facet normal 0 0 1
    outer loop
      vertex 5.08188 10.075 3
      vertex 0.179999 14.475 3
      vertex 5.04689 10.025 3
    endloop
  endfacet
  facet normal 0 0 1
    outer loop
      vertex 5.12502 10.1181 3
      vertex 0.179999 14.475 3
      vertex 5.08188 10.075 3
    endloop
  endfacet
  facet normal 0 0 1
    outer loop
      vertex 5.175 10.1531 3
      vertex 0.179999 14.475 3
      vertex 5.12502 10.1181 3
    endloop
  endfacet
  facet normal 0 0 1
    outer loop
      vertex 5.23029 10.1789 3
      vertex 0.179999 14.475 3
      vertex 5.175 10.1531 3
    endloop
  endfacet
  facet normal 0 0 1
    outer loop
      vertex 5.28922 10.1947 3
      vertex 0.179999 14.475 3
      vertex 5.23029 10.1789 3
    endloop
  endfacet
  facet normal -0 0 1
    outer loop
      vertex 16.4 5.15 3
      vertex 17.275 2.525 3
      vertex 16.4 9.85 3
    endloop
  endfacet
  facet normal -0 0 1
    outer loop
      vertex 16.3947 5.08922 3
      vertex 17.275 2.525 3
      vertex 16.4 5.15 3
    endloop
  endfacet
  facet normal -0 0 1
    outer loop
      vertex 16.3789 5.03029 3
      vertex 17.275 2.525 3
      vertex 16.3947 5.08922 3
    endloop
  endfacet
  facet normal -0 0 1
    outer loop
      vertex 16.3531 4.975 3
      vertex 17.275 2.525 3
      vertex 16.3789 5.03029 3
    endloop
  endfacet
  facet normal -0 0 1
    outer loop
      vertex 16.3181 4.92502 3
      vertex 17.275 2.525 3
      vertex 16.3531 4.975 3
    endloop
  endfacet
  facet normal -0 0 1
    outer loop
      vertex 16.275 4.88188 3
      vertex 17.275 2.525 3
      vertex 16.3181 4.92502 3
    endloop
  endfacet
  facet normal -0 0 1
    outer loop
      vertex 16.225 4.84689 3
      vertex 17.275 2.525 3
      vertex 16.275 4.88188 3
    endloop
  endfacet
  facet normal -0 0 1
    outer loop
      vertex 16.1697 4.82111 3
      vertex 17.275 2.525 3
      vertex 16.225 4.84689 3
    endloop
  endfacet
  facet normal -0 0 1
    outer loop
      vertex 16.1108 4.80532 3
      vertex 17.275 2.525 3
      vertex 16.1697 4.82111 3
    endloop
  endfacet
  facet normal -0 0 1
    outer loop
      vertex 16.05 4.8 3
      vertex 17.275 2.525 3
      vertex 16.1108 4.80532 3
    endloop
  endfacet
  facet normal -0 0 1
    outer loop
      vertex 5.35 4.8 3
      vertex 17.275 2.525 3
      vertex 16.05 4.8 3
    endloop
  endfacet
  facet normal 0 0 1
    outer loop
      vertex 0.179999 2.525 3
      vertex 5.35 4.8 3
      vertex 5.28922 4.80532 3
    endloop
  endfacet
  facet normal 0 0 1
    outer loop
      vertex 5 9.85 3
      vertex 0.179999 2.525 3
      vertex 5 5.15 3
    endloop
  endfacet
  facet normal 0 0 1
    outer loop
      vertex 5 5.15 3
      vertex 0.179999 2.525 3
      vertex 5.00532 5.08922 3
    endloop
  endfacet
  facet normal 0 0 1
    outer loop
      vertex 5.00532 5.08922 3
      vertex 0.179999 2.525 3
      vertex 5.02111 5.03029 3
    endloop
  endfacet
  facet normal 0 0 1
    outer loop
      vertex 5.35 4.8 3
      vertex 0.179999 2.525 3
      vertex 17.275 2.525 3
    endloop
  endfacet
  facet normal 0 0 1
    outer loop
      vertex 5.23029 4.82111 3
      vertex 0.179999 2.525 3
      vertex 5.28922 4.80532 3
    endloop
  endfacet
  facet normal 0 0 1
    outer loop
      vertex 5.175 4.84689 3
      vertex 0.179999 2.525 3
      vertex 5.23029 4.82111 3
    endloop
  endfacet
  facet normal 0 0 1
    outer loop
      vertex 5.12502 4.88188 3
      vertex 0.179999 2.525 3
      vertex 5.175 4.84689 3
    endloop
  endfacet
  facet normal 0 0 1
    outer loop
      vertex 5.08188 4.92502 3
      vertex 0.179999 2.525 3
      vertex 5.12502 4.88188 3
    endloop
  endfacet
  facet normal 0 0 1
    outer loop
      vertex 5.04689 4.975 3
      vertex 0.179999 2.525 3
      vertex 5.08188 4.92502 3
    endloop
  endfacet
  facet normal 0 0 1
    outer loop
      vertex 5.02111 5.03029 3
      vertex 0.179999 2.525 3
      vertex 5.04689 4.975 3
    endloop
  endfacet
  facet normal 0 0 1
    outer loop
      vertex 0.148743 2.52226 3
      vertex 5 9.85 3
      vertex 0.148743 14.4777 3
    endloop
  endfacet
  facet normal 0 0 1
    outer loop
      vertex 5 9.85 3
      vertex 0.148743 2.52226 3
      vertex 0.179999 2.525 3
    endloop
  endfacet
  facet normal 0 0 1
    outer loop
      vertex 0.118436 14.4859 3
      vertex 0.148743 2.52226 3
      vertex 0.148743 14.4777 3
    endloop
  endfacet
  facet normal 0 0 1
    outer loop
      vertex 0.118436 14.4859 3
      vertex 0.118436 2.51414 3
      vertex 0.148743 2.52226 3
    endloop
  endfacet
  facet normal 0 0 1
    outer loop
      vertex 0.0899992 14.4991 3
      vertex 0.118436 2.51414 3
      vertex 0.118436 14.4859 3
    endloop
  endfacet
  facet normal 0 0 1
    outer loop
      vertex 0.0899992 14.4991 3
      vertex 0.0899992 2.50088 3
      vertex 0.118436 2.51414 3
    endloop
  endfacet
  facet normal 0 0 1
    outer loop
      vertex 0.0642977 14.5171 3
      vertex 0.0899992 2.50088 3
      vertex 0.0899992 14.4991 3
    endloop
  endfacet
  facet normal 0 0 1
    outer loop
      vertex 0.0642977 14.5171 3
      vertex 0.0642977 2.48289 3
      vertex 0.0899992 2.50088 3
    endloop
  endfacet
  facet normal 0 0 1
    outer loop
      vertex 0.0421114 14.5393 3
      vertex 0.0642977 2.48289 3
      vertex 0.0642977 14.5171 3
    endloop
  endfacet
  facet normal 0 0 1
    outer loop
      vertex 0.0421114 14.5393 3
      vertex 0.0421114 2.4607 3
      vertex 0.0642977 2.48289 3
    endloop
  endfacet
  facet normal 0 0 1
    outer loop
      vertex 0.0241146 14.565 3
      vertex 0.0421114 2.4607 3
      vertex 0.0421114 14.5393 3
    endloop
  endfacet
  facet normal 0 0 1
    outer loop
      vertex 0.0241146 14.565 3
      vertex 0.0241146 2.435 3
      vertex 0.0421114 2.4607 3
    endloop
  endfacet
  facet normal 0 0 1
    outer loop
      vertex 0.0108547 14.5934 3
      vertex 0.0241146 2.435 3
      vertex 0.0241146 14.565 3
    endloop
  endfacet
  facet normal 0 0 1
    outer loop
      vertex 0.0108547 14.5934 3
      vertex 0.0108547 2.40656 3
      vertex 0.0241146 2.435 3
    endloop
  endfacet
  facet normal 0 0 1
    outer loop
      vertex 0.00273418 14.6237 3
      vertex 0.0108547 2.40656 3
      vertex 0.0108547 14.5934 3
    endloop
  endfacet
  facet normal 0 0 1
    outer loop
      vertex 0.00273418 14.6237 3
      vertex 0.00273418 2.37626 3
      vertex 0.0108547 2.40656 3
    endloop
  endfacet
  facet normal 0 0 1
    outer loop
      vertex 0 14.655 3
      vertex 0.00273418 2.37626 3
      vertex 0.00273418 14.6237 3
    endloop
  endfacet
  facet normal 0 0 1
    outer loop
      vertex 0.00273418 2.37626 3
      vertex 0 14.655 3
      vertex 0 2.345 3
    endloop
  endfacet
  facet normal -0 0 1
    outer loop
      vertex 22.3973 14.6237 3
      vertex 22.4 2.345 3
      vertex 22.4 14.655 3
    endloop
  endfacet
  facet normal 0 0 1
    outer loop
      vertex 22.3973 14.6237 3
      vertex 22.3973 2.37626 3
      vertex 22.4 2.345 3
    endloop
  endfacet
  facet normal -0 0 1
    outer loop
      vertex 22.3891 14.5934 3
      vertex 22.3973 2.37626 3
      vertex 22.3973 14.6237 3
    endloop
  endfacet
  facet normal 0 0 1
    outer loop
      vertex 22.3891 14.5934 3
      vertex 22.3891 2.40656 3
      vertex 22.3973 2.37626 3
    endloop
  endfacet
  facet normal -0 0 1
    outer loop
      vertex 22.3759 14.565 3
      vertex 22.3891 2.40656 3
      vertex 22.3891 14.5934 3
    endloop
  endfacet
  facet normal 0 0 1
    outer loop
      vertex 22.3759 14.565 3
      vertex 22.3759 2.435 3
      vertex 22.3891 2.40656 3
    endloop
  endfacet
  facet normal -0 0 1
    outer loop
      vertex 22.3579 14.5393 3
      vertex 22.3759 2.435 3
      vertex 22.3759 14.565 3
    endloop
  endfacet
  facet normal 0 0 1
    outer loop
      vertex 22.3579 14.5393 3
      vertex 22.3579 2.4607 3
      vertex 22.3759 2.435 3
    endloop
  endfacet
  facet normal -0 0 1
    outer loop
      vertex 22.3357 14.5171 3
      vertex 22.3579 2.4607 3
      vertex 22.3579 14.5393 3
    endloop
  endfacet
  facet normal 0 0 1
    outer loop
      vertex 22.3357 14.5171 3
      vertex 22.3357 2.48289 3
      vertex 22.3579 2.4607 3
    endloop
  endfacet
  facet normal -0 0 1
    outer loop
      vertex 22.31 14.4991 3
      vertex 22.3357 2.48289 3
      vertex 22.3357 14.5171 3
    endloop
  endfacet
  facet normal 0 0 1
    outer loop
      vertex 22.31 14.4991 3
      vertex 22.31 2.50088 3
      vertex 22.3357 2.48289 3
    endloop
  endfacet
  facet normal -0 0 1
    outer loop
      vertex 22.2816 14.4859 3
      vertex 22.31 2.50088 3
      vertex 22.31 14.4991 3
    endloop
  endfacet
  facet normal 0 0 1
    outer loop
      vertex 22.2816 14.4859 3
      vertex 22.2816 2.51414 3
      vertex 22.31 2.50088 3
    endloop
  endfacet
  facet normal -0 0 1
    outer loop
      vertex 22.2513 14.4777 3
      vertex 22.2816 2.51414 3
      vertex 22.2816 14.4859 3
    endloop
  endfacet
  facet normal 0 0 1
    outer loop
      vertex 22.2513 14.4777 3
      vertex 22.2513 2.52226 3
      vertex 22.2816 2.51414 3
    endloop
  endfacet
  facet normal -0 0 1
    outer loop
      vertex 22.22 14.475 3
      vertex 22.2513 2.52226 3
      vertex 22.2513 14.4777 3
    endloop
  endfacet
  facet normal 0 0 1
    outer loop
      vertex 22.22 14.475 3
      vertex 22.22 2.525 3
      vertex 22.2513 2.52226 3
    endloop
  endfacet
  facet normal -0 0 1
    outer loop
      vertex 18.725 14.475 3
      vertex 22.22 2.525 3
      vertex 22.22 14.475 3
    endloop
  endfacet
  facet normal 0 0 1
    outer loop
      vertex 22.22 2.525 3
      vertex 18.725 14.475 3
      vertex 18.725 2.525 3
    endloop
  endfacet
  facet normal 0 0 1
    outer loop
      vertex 8.5 19.575 3
      vertex 0.179999 19.575 3
      vertex 8.5 19.2 3
    endloop
  endfacet
  facet normal 0 0 1
    outer loop
      vertex 15.9 19.2 3
      vertex 17.275 19.575 3
      vertex 15.9 19.575 3
    endloop
  endfacet
  facet normal 0 0 1
    outer loop
      vertex 15.8947 19.1392 3
      vertex 17.275 19.575 3
      vertex 15.9 19.2 3
    endloop
  endfacet
  facet normal 0 0 1
    outer loop
      vertex 15.8789 19.0803 3
      vertex 17.275 19.575 3
      vertex 15.8947 19.1392 3
    endloop
  endfacet
  facet normal 0 0 1
    outer loop
      vertex 15.8531 19.025 3
      vertex 17.275 19.575 3
      vertex 15.8789 19.0803 3
    endloop
  endfacet
  facet normal 0 0 1
    outer loop
      vertex 15.8181 18.975 3
      vertex 17.275 19.575 3
      vertex 15.8531 19.025 3
    endloop
  endfacet
  facet normal 0 0 1
    outer loop
      vertex 17.275 19.575 3
      vertex 15.8181 18.975 3
      vertex 17.275 15.925 3
    endloop
  endfacet
  facet normal -0 0 1
    outer loop
      vertex 15.775 18.9319 3
      vertex 17.275 15.925 3
      vertex 15.8181 18.975 3
    endloop
  endfacet
  facet normal -0 0 1
    outer loop
      vertex 15.725 18.8969 3
      vertex 17.275 15.925 3
      vertex 15.775 18.9319 3
    endloop
  endfacet
  facet normal -0 0 1
    outer loop
      vertex 15.6697 18.8711 3
      vertex 17.275 15.925 3
      vertex 15.725 18.8969 3
    endloop
  endfacet
  facet normal -0 0 1
    outer loop
      vertex 15.6108 18.8553 3
      vertex 17.275 15.925 3
      vertex 15.6697 18.8711 3
    endloop
  endfacet
  facet normal -0 0 1
    outer loop
      vertex 15.55 18.85 3
      vertex 17.275 15.925 3
      vertex 15.6108 18.8553 3
    endloop
  endfacet
  facet normal -0 0 1
    outer loop
      vertex 8.85 18.85 3
      vertex 17.275 15.925 3
      vertex 15.55 18.85 3
    endloop
  endfacet
  facet normal 0 0 1
    outer loop
      vertex 0.179999 15.925 3
      vertex 8.85 18.85 3
      vertex 8.78922 18.8553 3
    endloop
  endfacet
  facet normal 0 0 1
    outer loop
      vertex 0.179999 15.925 3
      vertex 8.78922 18.8553 3
      vertex 8.73029 18.8711 3
    endloop
  endfacet
  facet normal 0 0 1
    outer loop
      vertex 0.179999 19.575 3
      vertex 8.50532 19.1392 3
      vertex 8.5 19.2 3
    endloop
  endfacet
  facet normal 0 0 1
    outer loop
      vertex 0.179999 19.575 3
      vertex 8.52111 19.0803 3
      vertex 8.50532 19.1392 3
    endloop
  endfacet
  facet normal 0 0 1
    outer loop
      vertex 0.179999 15.925 3
      vertex 8.52111 19.0803 3
      vertex 0.179999 19.575 3
    endloop
  endfacet
  facet normal 0 0 1
    outer loop
      vertex 8.52111 19.0803 3
      vertex 0.179999 15.925 3
      vertex 8.54689 19.025 3
    endloop
  endfacet
  facet normal 0 0 1
    outer loop
      vertex 8.54689 19.025 3
      vertex 0.179999 15.925 3
      vertex 8.58188 18.975 3
    endloop
  endfacet
  facet normal 0 0 1
    outer loop
      vertex 8.58188 18.975 3
      vertex 0.179999 15.925 3
      vertex 8.62502 18.9319 3
    endloop
  endfacet
  facet normal 0 0 1
    outer loop
      vertex 8.62502 18.9319 3
      vertex 0.179999 15.925 3
      vertex 8.675 18.8969 3
    endloop
  endfacet
  facet normal 0 0 1
    outer loop
      vertex 8.675 18.8969 3
      vertex 0.179999 15.925 3
      vertex 8.73029 18.8711 3
    endloop
  endfacet
  facet normal 0 0 1
    outer loop
      vertex 8.85 18.85 3
      vertex 0.179999 15.925 3
      vertex 17.275 15.925 3
    endloop
  endfacet
  facet normal 0 0 1
    outer loop
      vertex 0.148743 19.5777 3
      vertex 0.179999 15.925 3
      vertex 0.179999 19.575 3
    endloop
  endfacet
  facet normal 0 0 1
    outer loop
      vertex 0.148743 19.5777 3
      vertex 0.148743 15.9223 3
      vertex 0.179999 15.925 3
    endloop
  endfacet
  facet normal 0 0 1
    outer loop
      vertex 0.118436 19.5859 3
      vertex 0.148743 15.9223 3
      vertex 0.148743 19.5777 3
    endloop
  endfacet
  facet normal 0 0 1
    outer loop
      vertex 0.118436 19.5859 3
      vertex 0.118436 15.9141 3
      vertex 0.148743 15.9223 3
    endloop
  endfacet
  facet normal 0 0 1
    outer loop
      vertex 0.0899992 19.5991 3
      vertex 0.118436 15.9141 3
      vertex 0.118436 19.5859 3
    endloop
  endfacet
  facet normal 0 0 1
    outer loop
      vertex 0.0899992 19.5991 3
      vertex 0.0899992 15.9009 3
      vertex 0.118436 15.9141 3
    endloop
  endfacet
  facet normal 0 0 1
    outer loop
      vertex 0.0642977 19.6171 3
      vertex 0.0899992 15.9009 3
      vertex 0.0899992 19.5991 3
    endloop
  endfacet
  facet normal 0 0 1
    outer loop
      vertex 0.0642977 19.6171 3
      vertex 0.0642977 15.8829 3
      vertex 0.0899992 15.9009 3
    endloop
  endfacet
  facet normal 0 0 1
    outer loop
      vertex 0.0421114 19.6393 3
      vertex 0.0642977 15.8829 3
      vertex 0.0642977 19.6171 3
    endloop
  endfacet
  facet normal 0 0 1
    outer loop
      vertex 0.0421114 19.6393 3
      vertex 0.0421114 15.8607 3
      vertex 0.0642977 15.8829 3
    endloop
  endfacet
  facet normal 0 0 1
    outer loop
      vertex 0.0241146 19.665 3
      vertex 0.0421114 15.8607 3
      vertex 0.0421114 19.6393 3
    endloop
  endfacet
  facet normal 0 0 1
    outer loop
      vertex 0.0241146 19.665 3
      vertex 0.0241146 15.835 3
      vertex 0.0421114 15.8607 3
    endloop
  endfacet
  facet normal 0 0 1
    outer loop
      vertex 0.0108547 19.6934 3
      vertex 0.0241146 15.835 3
      vertex 0.0241146 19.665 3
    endloop
  endfacet
  facet normal 0 0 1
    outer loop
      vertex 0.0108547 19.6934 3
      vertex 0.0108547 15.8066 3
      vertex 0.0241146 15.835 3
    endloop
  endfacet
  facet normal 0 0 1
    outer loop
      vertex 0.00273418 19.7237 3
      vertex 0.0108547 15.8066 3
      vertex 0.0108547 19.6934 3
    endloop
  endfacet
  facet normal 0 0 1
    outer loop
      vertex 0.00273418 19.7237 3
      vertex 0.00273418 15.7763 3
      vertex 0.0108547 15.8066 3
    endloop
  endfacet
  facet normal 0 0 1
    outer loop
      vertex 0 19.755 3
      vertex 0.00273418 15.7763 3
      vertex 0.00273418 19.7237 3
    endloop
  endfacet
  facet normal 0 0 1
    outer loop
      vertex 0.00273418 15.7763 3
      vertex 0 19.755 3
      vertex 0 15.745 3
    endloop
  endfacet
  facet normal -0 0 1
    outer loop
      vertex 22.3973 19.7237 3
      vertex 22.4 15.745 3
      vertex 22.4 19.755 3
    endloop
  endfacet
  facet normal 0 0 1
    outer loop
      vertex 22.3973 19.7237 3
      vertex 22.3973 15.7763 3
      vertex 22.4 15.745 3
    endloop
  endfacet
  facet normal -0 0 1
    outer loop
      vertex 22.3891 19.6934 3
      vertex 22.3973 15.7763 3
      vertex 22.3973 19.7237 3
    endloop
  endfacet
  facet normal 0 0 1
    outer loop
      vertex 22.3891 19.6934 3
      vertex 22.3891 15.8066 3
      vertex 22.3973 15.7763 3
    endloop
  endfacet
  facet normal -0 0 1
    outer loop
      vertex 22.3759 19.665 3
      vertex 22.3891 15.8066 3
      vertex 22.3891 19.6934 3
    endloop
  endfacet
  facet normal 0 0 1
    outer loop
      vertex 22.3759 19.665 3
      vertex 22.3759 15.835 3
      vertex 22.3891 15.8066 3
    endloop
  endfacet
  facet normal -0 0 1
    outer loop
      vertex 22.3579 19.6393 3
      vertex 22.3759 15.835 3
      vertex 22.3759 19.665 3
    endloop
  endfacet
  facet normal 0 0 1
    outer loop
      vertex 22.3579 19.6393 3
      vertex 22.3579 15.8607 3
      vertex 22.3759 15.835 3
    endloop
  endfacet
  facet normal -0 0 1
    outer loop
      vertex 22.3357 19.6171 3
      vertex 22.3579 15.8607 3
      vertex 22.3579 19.6393 3
    endloop
  endfacet
  facet normal 0 0 1
    outer loop
      vertex 22.3357 19.6171 3
      vertex 22.3357 15.8829 3
      vertex 22.3579 15.8607 3
    endloop
  endfacet
  facet normal -0 0 1
    outer loop
      vertex 22.31 19.5991 3
      vertex 22.3357 15.8829 3
      vertex 22.3357 19.6171 3
    endloop
  endfacet
  facet normal 0 0 1
    outer loop
      vertex 22.31 19.5991 3
      vertex 22.31 15.9009 3
      vertex 22.3357 15.8829 3
    endloop
  endfacet
  facet normal -0 0 1
    outer loop
      vertex 22.2816 19.5859 3
      vertex 22.31 15.9009 3
      vertex 22.31 19.5991 3
    endloop
  endfacet
  facet normal 0 0 1
    outer loop
      vertex 22.2816 19.5859 3
      vertex 22.2816 15.9141 3
      vertex 22.31 15.9009 3
    endloop
  endfacet
  facet normal -0 0 1
    outer loop
      vertex 22.2513 19.5777 3
      vertex 22.2816 15.9141 3
      vertex 22.2816 19.5859 3
    endloop
  endfacet
  facet normal 0 0 1
    outer loop
      vertex 22.2513 19.5777 3
      vertex 22.2513 15.9223 3
      vertex 22.2816 15.9141 3
    endloop
  endfacet
  facet normal -0 0 1
    outer loop
      vertex 22.22 19.575 3
      vertex 22.2513 15.9223 3
      vertex 22.2513 19.5777 3
    endloop
  endfacet
  facet normal 0 0 1
    outer loop
      vertex 22.22 19.575 3
      vertex 22.22 15.925 3
      vertex 22.2513 15.9223 3
    endloop
  endfacet
  facet normal -0 0 1
    outer loop
      vertex 18.725 19.575 3
      vertex 22.22 15.925 3
      vertex 22.22 19.575 3
    endloop
  endfacet
  facet normal 0 0 1
    outer loop
      vertex 22.22 15.925 3
      vertex 18.725 19.575 3
      vertex 18.725 15.925 3
    endloop
  endfacet
  facet normal 0 0 1
    outer loop
      vertex 3.85 31.875 3
      vertex 0.179999 31.875 3
      vertex 3.85 26.05 3
    endloop
  endfacet
  facet normal -0 0 1
    outer loop
      vertex 4.2 25.7 3
      vertex 4.575 21.025 3
      vertex 4.575 25.7 3
    endloop
  endfacet
  facet normal 0 0 1
    outer loop
      vertex 4.13922 25.7053 3
      vertex 4.575 21.025 3
      vertex 4.2 25.7 3
    endloop
  endfacet
  facet normal 0 0 1
    outer loop
      vertex 4.08029 25.7211 3
      vertex 4.575 21.025 3
      vertex 4.13922 25.7053 3
    endloop
  endfacet
  facet normal 0 0 1
    outer loop
      vertex 4.025 25.7469 3
      vertex 4.575 21.025 3
      vertex 4.08029 25.7211 3
    endloop
  endfacet
  facet normal 0 0 1
    outer loop
      vertex 0.179999 21.025 3
      vertex 4.025 25.7469 3
      vertex 3.97502 25.7819 3
    endloop
  endfacet
  facet normal 0 0 1
    outer loop
      vertex 0.179999 21.025 3
      vertex 3.97502 25.7819 3
      vertex 3.93188 25.825 3
    endloop
  endfacet
  facet normal 0 0 1
    outer loop
      vertex 0.179999 21.025 3
      vertex 3.93188 25.825 3
      vertex 3.89689 25.875 3
    endloop
  endfacet
  facet normal 0 0 1
    outer loop
      vertex 0.179999 21.025 3
      vertex 3.89689 25.875 3
      vertex 3.87111 25.9303 3
    endloop
  endfacet
  facet normal 0 0 1
    outer loop
      vertex 0.179999 21.025 3
      vertex 3.87111 25.9303 3
      vertex 3.85532 25.9892 3
    endloop
  endfacet
  facet normal 0 0 1
    outer loop
      vertex 0.148743 31.8777 3
      vertex 3.85 26.05 3
      vertex 0.179999 31.875 3
    endloop
  endfacet
  facet normal 0 0 1
    outer loop
      vertex 0.118436 31.8859 3
      vertex 3.85 26.05 3
      vertex 0.148743 31.8777 3
    endloop
  endfacet
  facet normal 0 0 1
    outer loop
      vertex 4.025 25.7469 3
      vertex 0.179999 21.025 3
      vertex 4.575 21.025 3
    endloop
  endfacet
  facet normal 0 0 1
    outer loop
      vertex 0.118436 21.0141 3
      vertex 3.85 26.05 3
      vertex 0.118436 31.8859 3
    endloop
  endfacet
  facet normal 0 0 1
    outer loop
      vertex 3.85532 25.9892 3
      vertex 0.148743 21.0223 3
      vertex 0.179999 21.025 3
    endloop
  endfacet
  facet normal 0 -0 1
    outer loop
      vertex 0.148743 21.0223 3
      vertex 3.85 26.05 3
      vertex 0.118436 21.0141 3
    endloop
  endfacet
  facet normal 0 0 1
    outer loop
      vertex 3.85 26.05 3
      vertex 0.148743 21.0223 3
      vertex 3.85532 25.9892 3
    endloop
  endfacet
  facet normal 0 0 1
    outer loop
      vertex 0.0899992 31.8991 3
      vertex 0.118436 21.0141 3
      vertex 0.118436 31.8859 3
    endloop
  endfacet
  facet normal 0 0 1
    outer loop
      vertex 0.0899992 31.8991 3
      vertex 0.0899992 21.0009 3
      vertex 0.118436 21.0141 3
    endloop
  endfacet
  facet normal 0 0 1
    outer loop
      vertex 0.0642977 31.9171 3
      vertex 0.0899992 21.0009 3
      vertex 0.0899992 31.8991 3
    endloop
  endfacet
  facet normal 0 0 1
    outer loop
      vertex 0.0642977 31.9171 3
      vertex 0.0642977 20.9829 3
      vertex 0.0899992 21.0009 3
    endloop
  endfacet
  facet normal 0 0 1
    outer loop
      vertex 0.0421114 31.9393 3
      vertex 0.0642977 20.9829 3
      vertex 0.0642977 31.9171 3
    endloop
  endfacet
  facet normal 0 0 1
    outer loop
      vertex 0.0421114 31.9393 3
      vertex 0.0421114 20.9607 3
      vertex 0.0642977 20.9829 3
    endloop
  endfacet
  facet normal 0 0 1
    outer loop
      vertex 0.0241146 31.965 3
      vertex 0.0421114 20.9607 3
      vertex 0.0421114 31.9393 3
    endloop
  endfacet
  facet normal 0 0 1
    outer loop
      vertex 0.0241146 31.965 3
      vertex 0.0241146 20.935 3
      vertex 0.0421114 20.9607 3
    endloop
  endfacet
  facet normal 0 0 1
    outer loop
      vertex 0.0108547 31.9934 3
      vertex 0.0241146 20.935 3
      vertex 0.0241146 31.965 3
    endloop
  endfacet
  facet normal 0 0 1
    outer loop
      vertex 0.0108547 31.9934 3
      vertex 0.0108547 20.9066 3
      vertex 0.0241146 20.935 3
    endloop
  endfacet
  facet normal 0 0 1
    outer loop
      vertex 0.00273418 32.0237 3
      vertex 0.0108547 20.9066 3
      vertex 0.0108547 31.9934 3
    endloop
  endfacet
  facet normal 0 0 1
    outer loop
      vertex 0.00273418 32.0237 3
      vertex 0.00273418 20.8763 3
      vertex 0.0108547 20.9066 3
    endloop
  endfacet
  facet normal 0 0 1
    outer loop
      vertex 0 32.055 3
      vertex 0.00273418 20.8763 3
      vertex 0.00273418 32.0237 3
    endloop
  endfacet
  facet normal 0 0 1
    outer loop
      vertex 0.00273418 20.8763 3
      vertex 0 32.055 3
      vertex 0 20.845 3
    endloop
  endfacet
  facet normal -0 0 1
    outer loop
      vertex 22.3973 32.0237 3
      vertex 22.4 20.845 3
      vertex 22.4 32.055 3
    endloop
  endfacet
  facet normal 0 0 1
    outer loop
      vertex 22.3973 32.0237 3
      vertex 22.3973 20.8763 3
      vertex 22.4 20.845 3
    endloop
  endfacet
  facet normal -0 0 1
    outer loop
      vertex 22.3891 31.9934 3
      vertex 22.3973 20.8763 3
      vertex 22.3973 32.0237 3
    endloop
  endfacet
  facet normal 0 0 1
    outer loop
      vertex 22.3891 31.9934 3
      vertex 22.3891 20.9066 3
      vertex 22.3973 20.8763 3
    endloop
  endfacet
  facet normal -0 0 1
    outer loop
      vertex 22.3759 31.965 3
      vertex 22.3891 20.9066 3
      vertex 22.3891 31.9934 3
    endloop
  endfacet
  facet normal 0 0 1
    outer loop
      vertex 22.3759 31.965 3
      vertex 22.3759 20.935 3
      vertex 22.3891 20.9066 3
    endloop
  endfacet
  facet normal -0 0 1
    outer loop
      vertex 22.3579 31.9393 3
      vertex 22.3759 20.935 3
      vertex 22.3759 31.965 3
    endloop
  endfacet
  facet normal 0 0 1
    outer loop
      vertex 22.3579 31.9393 3
      vertex 22.3579 20.9607 3
      vertex 22.3759 20.935 3
    endloop
  endfacet
  facet normal -0 0 1
    outer loop
      vertex 22.3357 31.9171 3
      vertex 22.3579 20.9607 3
      vertex 22.3579 31.9393 3
    endloop
  endfacet
  facet normal 0 0 1
    outer loop
      vertex 22.3357 31.9171 3
      vertex 22.3357 20.9829 3
      vertex 22.3579 20.9607 3
    endloop
  endfacet
  facet normal -0 0 1
    outer loop
      vertex 22.31 31.8991 3
      vertex 22.3357 20.9829 3
      vertex 22.3357 31.9171 3
    endloop
  endfacet
  facet normal 0 0 1
    outer loop
      vertex 22.31 31.8991 3
      vertex 22.31 21.0009 3
      vertex 22.3357 20.9829 3
    endloop
  endfacet
  facet normal -0 0 1
    outer loop
      vertex 22.2816 31.8859 3
      vertex 22.31 21.0009 3
      vertex 22.31 31.8991 3
    endloop
  endfacet
  facet normal 0 0 1
    outer loop
      vertex 22.2816 31.8859 3
      vertex 22.2816 21.0141 3
      vertex 22.31 21.0009 3
    endloop
  endfacet
  facet normal -0 0 1
    outer loop
      vertex 22.2513 31.8777 3
      vertex 22.2816 21.0141 3
      vertex 22.2816 31.8859 3
    endloop
  endfacet
  facet normal 0 0 1
    outer loop
      vertex 22.2513 31.8777 3
      vertex 22.2513 21.0223 3
      vertex 22.2816 21.0141 3
    endloop
  endfacet
  facet normal -0 0 1
    outer loop
      vertex 22.22 31.875 3
      vertex 22.2513 21.0223 3
      vertex 22.2513 31.8777 3
    endloop
  endfacet
  facet normal 0 0 1
    outer loop
      vertex 22.22 31.875 3
      vertex 22.22 21.025 3
      vertex 22.2513 21.0223 3
    endloop
  endfacet
  facet normal -0 0 1
    outer loop
      vertex 18.725 31.875 3
      vertex 22.22 21.025 3
      vertex 22.22 31.875 3
    endloop
  endfacet
  facet normal 0 0 1
    outer loop
      vertex 22.22 21.025 3
      vertex 18.725 31.875 3
      vertex 18.725 21.025 3
    endloop
  endfacet
  facet normal -0 0 1
    outer loop
      vertex 15.2 26.05 3
      vertex 17.275 21.025 3
      vertex 17.275 31.875 3
    endloop
  endfacet
  facet normal 0 0 1
    outer loop
      vertex 17.275 21.025 3
      vertex 15.8947 21.4608 3
      vertex 15.9 21.4 3
    endloop
  endfacet
  facet normal 0 0 1
    outer loop
      vertex 17.275 21.025 3
      vertex 15.8789 21.5197 3
      vertex 15.8947 21.4608 3
    endloop
  endfacet
  facet normal -0 0 1
    outer loop
      vertex 15.1947 25.9892 3
      vertex 17.275 21.025 3
      vertex 15.2 26.05 3
    endloop
  endfacet
  facet normal -0 0 1
    outer loop
      vertex 15.1789 25.9303 3
      vertex 17.275 21.025 3
      vertex 15.1947 25.9892 3
    endloop
  endfacet
  facet normal 0 0 1
    outer loop
      vertex 17.275 21.025 3
      vertex 15.8531 21.575 3
      vertex 15.8789 21.5197 3
    endloop
  endfacet
  facet normal -0 0 1
    outer loop
      vertex 15.1531 25.875 3
      vertex 17.275 21.025 3
      vertex 15.1789 25.9303 3
    endloop
  endfacet
  facet normal 0 0 1
    outer loop
      vertex 17.275 21.025 3
      vertex 15.8181 21.625 3
      vertex 15.8531 21.575 3
    endloop
  endfacet
  facet normal -0 -0 1
    outer loop
      vertex 15.775 21.6681 3
      vertex 17.275 21.025 3
      vertex 15.1531 25.875 3
    endloop
  endfacet
  facet normal 0 0 1
    outer loop
      vertex 17.275 21.025 3
      vertex 15.775 21.6681 3
      vertex 15.8181 21.625 3
    endloop
  endfacet
  facet normal 0 0 1
    outer loop
      vertex 15.2 26.05 3
      vertex 17.275 31.875 3
      vertex 15.2 31.875 3
    endloop
  endfacet
  facet normal -0 0 1
    outer loop
      vertex 15.1181 25.825 3
      vertex 15.775 21.6681 3
      vertex 15.1531 25.875 3
    endloop
  endfacet
  facet normal 0 0 1
    outer loop
      vertex 15.775 21.6681 3
      vertex 15.1181 25.825 3
      vertex 15.725 21.7031 3
    endloop
  endfacet
  facet normal -0 0 1
    outer loop
      vertex 15.075 25.7819 3
      vertex 15.725 21.7031 3
      vertex 15.1181 25.825 3
    endloop
  endfacet
  facet normal 0 0 1
    outer loop
      vertex 15.725 21.7031 3
      vertex 15.075 25.7819 3
      vertex 15.6697 21.7289 3
    endloop
  endfacet
  facet normal -0 0 1
    outer loop
      vertex 15.025 25.7469 3
      vertex 15.6697 21.7289 3
      vertex 15.075 25.7819 3
    endloop
  endfacet
  facet normal 0 0 1
    outer loop
      vertex 15.6697 21.7289 3
      vertex 15.025 25.7469 3
      vertex 15.6108 21.7447 3
    endloop
  endfacet
  facet normal -0 0 1
    outer loop
      vertex 14.9697 25.7211 3
      vertex 15.6108 21.7447 3
      vertex 15.025 25.7469 3
    endloop
  endfacet
  facet normal 0 0 1
    outer loop
      vertex 15.6108 21.7447 3
      vertex 14.9697 25.7211 3
      vertex 15.55 21.75 3
    endloop
  endfacet
  facet normal -0 0 1
    outer loop
      vertex 14.9108 25.7053 3
      vertex 15.55 21.75 3
      vertex 14.9697 25.7211 3
    endloop
  endfacet
  facet normal 0 0 1
    outer loop
      vertex 13.7009 24.89 3
      vertex 14.9108 25.7053 3
      vertex 14.85 25.7 3
    endloop
  endfacet
  facet normal 0 0 1
    outer loop
      vertex 13.725 24.98 3
      vertex 14.85 25.7 3
      vertex 13.725 25.7 3
    endloop
  endfacet
  facet normal 0 0 1
    outer loop
      vertex 13.7223 24.9487 3
      vertex 14.85 25.7 3
      vertex 13.725 24.98 3
    endloop
  endfacet
  facet normal 0 0 1
    outer loop
      vertex 13.7141 24.9184 3
      vertex 14.85 25.7 3
      vertex 13.7223 24.9487 3
    endloop
  endfacet
  facet normal 0 0 1
    outer loop
      vertex 13.7009 24.89 3
      vertex 14.85 25.7 3
      vertex 13.7141 24.9184 3
    endloop
  endfacet
  facet normal 0 0 1
    outer loop
      vertex 14.9108 25.7053 3
      vertex 13.7009 24.89 3
      vertex 15.55 21.75 3
    endloop
  endfacet
  facet normal -0 0 1
    outer loop
      vertex 13.6829 24.8643 3
      vertex 15.55 21.75 3
      vertex 13.7009 24.89 3
    endloop
  endfacet
  facet normal -0 0 1
    outer loop
      vertex 13.6607 24.8421 3
      vertex 15.55 21.75 3
      vertex 13.6829 24.8643 3
    endloop
  endfacet
  facet normal -0 0 1
    outer loop
      vertex 13.635 24.8241 3
      vertex 15.55 21.75 3
      vertex 13.6607 24.8421 3
    endloop
  endfacet
  facet normal 0 0 1
    outer loop
      vertex 13.1759 24.365 3
      vertex 13.635 24.8241 3
      vertex 13.6066 24.8109 3
    endloop
  endfacet
  facet normal 0 0 1
    outer loop
      vertex 13.1891 24.3934 3
      vertex 13.6066 24.8109 3
      vertex 13.5763 24.8027 3
    endloop
  endfacet
  facet normal 0 0 1
    outer loop
      vertex 13.1973 24.4237 3
      vertex 13.5763 24.8027 3
      vertex 13.545 24.8 3
    endloop
  endfacet
  facet normal 0 0 1
    outer loop
      vertex 13.2 24.455 3
      vertex 13.545 24.8 3
      vertex 13.2 24.8 3
    endloop
  endfacet
  facet normal 0 0 1
    outer loop
      vertex 13.1973 24.4237 3
      vertex 13.545 24.8 3
      vertex 13.2 24.455 3
    endloop
  endfacet
  facet normal 0 0 1
    outer loop
      vertex 13.5763 24.8027 3
      vertex 13.1973 24.4237 3
      vertex 13.1891 24.3934 3
    endloop
  endfacet
  facet normal 0 0 1
    outer loop
      vertex 13.6066 24.8109 3
      vertex 13.1891 24.3934 3
      vertex 13.1759 24.365 3
    endloop
  endfacet
  facet normal 0 0 1
    outer loop
      vertex 13.635 24.8241 3
      vertex 13.1759 24.365 3
      vertex 15.55 21.75 3
    endloop
  endfacet
  facet normal -0 0 1
    outer loop
      vertex 13.1579 24.3393 3
      vertex 15.55 21.75 3
      vertex 13.1759 24.365 3
    endloop
  endfacet
  facet normal -0 0 1
    outer loop
      vertex 13.1357 24.3171 3
      vertex 15.55 21.75 3
      vertex 13.1579 24.3393 3
    endloop
  endfacet
  facet normal -0 0 1
    outer loop
      vertex 13.11 24.2991 3
      vertex 15.55 21.75 3
      vertex 13.1357 24.3171 3
    endloop
  endfacet
  facet normal -0 0 1
    outer loop
      vertex 13.0816 24.2859 3
      vertex 15.55 21.75 3
      vertex 13.11 24.2991 3
    endloop
  endfacet
  facet normal -0 0 1
    outer loop
      vertex 13.0513 24.2777 3
      vertex 15.55 21.75 3
      vertex 13.0816 24.2859 3
    endloop
  endfacet
  facet normal -0 0 1
    outer loop
      vertex 13.02 24.275 3
      vertex 15.55 21.75 3
      vertex 13.0513 24.2777 3
    endloop
  endfacet
  facet normal 0 0 1
    outer loop
      vertex 13.02 24.275 3
      vertex 8.85 21.75 3
      vertex 15.55 21.75 3
    endloop
  endfacet
  facet normal -0 0 1
    outer loop
      vertex 6.025 24.275 3
      vertex 8.85 21.75 3
      vertex 13.02 24.275 3
    endloop
  endfacet
  facet normal 0 0 1
    outer loop
      vertex 8.85 21.75 3
      vertex 6.025 24.275 3
      vertex 8.78922 21.7447 3
    endloop
  endfacet
  facet normal 0 0 1
    outer loop
      vertex 8.78922 21.7447 3
      vertex 6.025 24.275 3
      vertex 8.73029 21.7289 3
    endloop
  endfacet
  facet normal 0 0 1
    outer loop
      vertex 8.73029 21.7289 3
      vertex 6.025 24.275 3
      vertex 8.675 21.7031 3
    endloop
  endfacet
  facet normal 0 0 1
    outer loop
      vertex 6.025 24.275 3
      vertex 8.62502 21.6681 3
      vertex 8.675 21.7031 3
    endloop
  endfacet
  facet normal 0 0 1
    outer loop
      vertex 6.025 24.275 3
      vertex 8.58188 21.625 3
      vertex 8.62502 21.6681 3
    endloop
  endfacet
  facet normal 0 0 1
    outer loop
      vertex 6.025 24.275 3
      vertex 8.54689 21.575 3
      vertex 8.58188 21.625 3
    endloop
  endfacet
  facet normal 0 0 1
    outer loop
      vertex 6.025 21.025 3
      vertex 8.54689 21.575 3
      vertex 6.025 24.275 3
    endloop
  endfacet
  facet normal 0 0 1
    outer loop
      vertex 8.54689 21.575 3
      vertex 6.025 21.025 3
      vertex 8.52111 21.5197 3
    endloop
  endfacet
  facet normal 0 0 1
    outer loop
      vertex 8.52111 21.5197 3
      vertex 6.025 21.025 3
      vertex 8.50532 21.4608 3
    endloop
  endfacet
  facet normal 0 0 1
    outer loop
      vertex 8.50532 21.4608 3
      vertex 6.025 21.025 3
      vertex 8.5 21.4 3
    endloop
  endfacet
  facet normal 0 0 1
    outer loop
      vertex 8.5 21.4 3
      vertex 6.025 21.025 3
      vertex 8.5 21.025 3
    endloop
  endfacet
  facet normal 0 0 1
    outer loop
      vertex 17.275 21.025 3
      vertex 15.9 21.4 3
      vertex 15.9 21.025 3
    endloop
  endfacet
  facet normal 0 0 1
    outer loop
      vertex 6.75 26.05 3
      vertex 9.375 31.875 3
      vertex 6.75 31.875 3
    endloop
  endfacet
  facet normal 0 0 1
    outer loop
      vertex 9.375 31.875 3
      vertex 6.75 26.05 3
      vertex 9.375 25.725 3
    endloop
  endfacet
  facet normal -0 0 1
    outer loop
      vertex 6.74468 25.9892 3
      vertex 9.375 25.725 3
      vertex 6.75 26.05 3
    endloop
  endfacet
  facet normal -0 0 1
    outer loop
      vertex 6.72889 25.9303 3
      vertex 9.375 25.725 3
      vertex 6.74468 25.9892 3
    endloop
  endfacet
  facet normal -0 0 1
    outer loop
      vertex 6.70311 25.875 3
      vertex 9.375 25.725 3
      vertex 6.72889 25.9303 3
    endloop
  endfacet
  facet normal -0 0 1
    outer loop
      vertex 6.66811 25.825 3
      vertex 9.375 25.725 3
      vertex 6.70311 25.875 3
    endloop
  endfacet
  facet normal -0 0 1
    outer loop
      vertex 6.62498 25.7819 3
      vertex 9.375 25.725 3
      vertex 6.66811 25.825 3
    endloop
  endfacet
  facet normal -0 0 1
    outer loop
      vertex 6.575 25.7469 3
      vertex 9.375 25.725 3
      vertex 6.62498 25.7819 3
    endloop
  endfacet
  facet normal 0 0 1
    outer loop
      vertex 9.375 25.725 3
      vertex 6.575 25.7469 3
      vertex 6.52805 25.725 3
    endloop
  endfacet
  facet normal 0 0 1
    outer loop
      vertex 10.975 25.7469 3
      vertex 10.825 25.725 3
      vertex 11.0219 25.725 3
    endloop
  endfacet
  facet normal 0 0 1
    outer loop
      vertex 10.925 25.7819 3
      vertex 10.825 25.725 3
      vertex 10.975 25.7469 3
    endloop
  endfacet
  facet normal 0 0 1
    outer loop
      vertex 10.8819 25.825 3
      vertex 10.825 25.725 3
      vertex 10.925 25.7819 3
    endloop
  endfacet
  facet normal 0 0 1
    outer loop
      vertex 10.8469 25.875 3
      vertex 10.825 25.725 3
      vertex 10.8819 25.825 3
    endloop
  endfacet
  facet normal 0 0 1
    outer loop
      vertex 10.825 25.725 3
      vertex 10.8469 25.875 3
      vertex 10.825 25.9219 3
    endloop
  endfacet
  facet normal -0.57357 -0.819157 0
    outer loop
      vertex 0.285769 0.187164 0
      vertex 0.4 0.10718 3
      vertex 0.285769 0.187164 3
    endloop
  endfacet
  facet normal -0.57357 -0.819157 -0
    outer loop
      vertex 0.4 0.10718 3
      vertex 0.285769 0.187164 0
      vertex 0.4 0.10718 0
    endloop
  endfacet
  facet normal 1 0 0
    outer loop
      vertex 22.4 1.255 3
      vertex 22.4 0.799999 3
      vertex 22.4 1.255 1
    endloop
  endfacet
  facet normal 1 0 0
    outer loop
      vertex 22.4 14.655 3
      vertex 22.4 2.345 3
      vertex 22.4 14.655 1
    endloop
  endfacet
  facet normal 1 0 0
    outer loop
      vertex 22.4 19.755 3
      vertex 22.4 15.745 3
      vertex 22.4 19.755 1
    endloop
  endfacet
  facet normal 1 0 0
    outer loop
      vertex 22.4 32.055 3
      vertex 22.4 20.845 3
      vertex 22.4 32.055 1
    endloop
  endfacet
  facet normal 1 0 0
    outer loop
      vertex 22.4 33.145 1
      vertex 22.4 33.6 3
      vertex 22.4 33.145 3
    endloop
  endfacet
  facet normal 1 0 0
    outer loop
      vertex 22.4 33.6 3
      vertex 22.4 33.145 1
      vertex 22.4 33.6 0
    endloop
  endfacet
  facet normal 1 -0 0
    outer loop
      vertex 22.4 32.055 1
      vertex 22.4 33.6 0
      vertex 22.4 33.145 1
    endloop
  endfacet
  facet normal 1 0 0
    outer loop
      vertex 22.4 20.845 1
      vertex 22.4 32.055 1
      vertex 22.4 20.845 3
    endloop
  endfacet
  facet normal 1 0 0
    outer loop
      vertex 22.4 32.055 1
      vertex 22.4 20.845 1
      vertex 22.4 33.6 0
    endloop
  endfacet
  facet normal 1 -0 0
    outer loop
      vertex 22.4 19.755 1
      vertex 22.4 33.6 0
      vertex 22.4 20.845 1
    endloop
  endfacet
  facet normal 1 0 0
    outer loop
      vertex 22.4 15.745 1
      vertex 22.4 19.755 1
      vertex 22.4 15.745 3
    endloop
  endfacet
  facet normal 1 -0 0
    outer loop
      vertex 22.4 15.745 1
      vertex 22.4 33.6 0
      vertex 22.4 19.755 1
    endloop
  endfacet
  facet normal 1 0 0
    outer loop
      vertex 22.4 0.799999 0
      vertex 22.4 15.745 1
      vertex 22.4 14.655 1
    endloop
  endfacet
  facet normal 1 0 0
    outer loop
      vertex 22.4 2.345 1
      vertex 22.4 14.655 1
      vertex 22.4 2.345 3
    endloop
  endfacet
  facet normal 1 0 0
    outer loop
      vertex 22.4 0.799999 0
      vertex 22.4 14.655 1
      vertex 22.4 2.345 1
    endloop
  endfacet
  facet normal 1 0 0
    outer loop
      vertex 22.4 0.799999 0
      vertex 22.4 2.345 1
      vertex 22.4 1.255 1
    endloop
  endfacet
  facet normal 1 0 0
    outer loop
      vertex 22.4 15.745 1
      vertex 22.4 0.799999 0
      vertex 22.4 33.6 0
    endloop
  endfacet
  facet normal 1 0 0
    outer loop
      vertex 22.4 0.799999 0
      vertex 22.4 1.255 1
      vertex 22.4 0.799999 3
    endloop
  endfacet
  facet normal -0.819157 -0.57357 0
    outer loop
      vertex 0.187164 0.285769 0
      vertex 0.10718 0.4 3
      vertex 0.10718 0.4 0
    endloop
  endfacet
  facet normal -0.819157 -0.57357 0
    outer loop
      vertex 0.10718 0.4 3
      vertex 0.187164 0.285769 0
      vertex 0.187164 0.285769 3
    endloop
  endfacet
  facet normal -1 0 0
    outer loop
      vertex 0 33.6 0
      vertex 0 33.145 1
      vertex 0 33.6 3
    endloop
  endfacet
  facet normal -1 0 0
    outer loop
      vertex 0 33.6 0
      vertex 0 32.055 1
      vertex 0 33.145 1
    endloop
  endfacet
  facet normal -1 0 0
    outer loop
      vertex 0 32.055 1
      vertex 0 20.845 1
      vertex 0 32.055 3
    endloop
  endfacet
  facet normal -1 0 0
    outer loop
      vertex 0 33.6 0
      vertex 0 20.845 1
      vertex 0 32.055 1
    endloop
  endfacet
  facet normal -1 0 0
    outer loop
      vertex 0 33.6 0
      vertex 0 19.755 1
      vertex 0 20.845 1
    endloop
  endfacet
  facet normal -1 0 0
    outer loop
      vertex 0 19.755 1
      vertex 0 15.745 1
      vertex 0 19.755 3
    endloop
  endfacet
  facet normal -1 0 0
    outer loop
      vertex 0 33.6 0
      vertex 0 15.745 1
      vertex 0 19.755 1
    endloop
  endfacet
  facet normal -1 0 0
    outer loop
      vertex 0 0.799999 0
      vertex 0 15.745 1
      vertex 0 33.6 0
    endloop
  endfacet
  facet normal -1 0 0
    outer loop
      vertex 0 14.655 1
      vertex 0 2.345 1
      vertex 0 14.655 3
    endloop
  endfacet
  facet normal -1 -0 0
    outer loop
      vertex 0 15.745 1
      vertex 0 0.799999 0
      vertex 0 14.655 1
    endloop
  endfacet
  facet normal -1 -0 0
    outer loop
      vertex 0 14.655 1
      vertex 0 0.799999 0
      vertex 0 2.345 1
    endloop
  endfacet
  facet normal -1 -0 0
    outer loop
      vertex 0 2.345 1
      vertex 0 0.799999 0
      vertex 0 1.255 1
    endloop
  endfacet
  facet normal -1 0 0
    outer loop
      vertex 0 0.799999 3
      vertex 0 1.255 1
      vertex 0 0.799999 0
    endloop
  endfacet
  facet normal -1 0 0
    outer loop
      vertex 0 1.255 1
      vertex 0 0.799999 3
      vertex 0 1.255 3
    endloop
  endfacet
  facet normal -1 -0 0
    outer loop
      vertex 0 33.6 3
      vertex 0 33.145 1
      vertex 0 33.145 3
    endloop
  endfacet
  facet normal -1 -0 0
    outer loop
      vertex 0 32.055 3
      vertex 0 20.845 1
      vertex 0 20.845 3
    endloop
  endfacet
  facet normal -1 -0 0
    outer loop
      vertex 0 19.755 3
      vertex 0 15.745 1
      vertex 0 15.745 3
    endloop
  endfacet
  facet normal -1 -0 0
    outer loop
      vertex 0 14.655 3
      vertex 0 2.345 1
      vertex 0 2.345 3
    endloop
  endfacet
  facet normal 0 0 -1
    outer loop
      vertex 21.6 0 0
      vertex 22.4 0.799999 0
      vertex 22.3878 0.661081 0
    endloop
  endfacet
  facet normal 0 0 -1
    outer loop
      vertex 22.4 0.799999 0
      vertex 0 0.799999 0
      vertex 22.4 33.6 0
    endloop
  endfacet
  facet normal 0 0 -1
    outer loop
      vertex 21.6 0 0
      vertex 22.3878 0.661081 0
      vertex 22.3518 0.526383 0
    endloop
  endfacet
  facet normal 0 0 -1
    outer loop
      vertex 0 33.6 0
      vertex 22.4 33.6 0
      vertex 0 0.799999 0
    endloop
  endfacet
  facet normal 0 0 -1
    outer loop
      vertex 21.6 0 0
      vertex 22.3518 0.526383 0
      vertex 22.2928 0.4 0
    endloop
  endfacet
  facet normal -0 0 -1
    outer loop
      vertex 22.4 0.799999 0
      vertex 21.6 0 0
      vertex 0 0.799999 0
    endloop
  endfacet
  facet normal 0 0 -1
    outer loop
      vertex 21.6 0 0
      vertex 22.2928 0.4 0
      vertex 22.2128 0.285769 0
    endloop
  endfacet
  facet normal 0 -0 -1
    outer loop
      vertex 21.6 34.4 0
      vertex 22.4 33.6 0
      vertex 0 33.6 0
    endloop
  endfacet
  facet normal 0 0 -1
    outer loop
      vertex 21.6 0 0
      vertex 22.2128 0.285769 0
      vertex 22.1142 0.187164 0
    endloop
  endfacet
  facet normal 0 0 -1
    outer loop
      vertex 22.3518 33.8736 0
      vertex 21.6 34.4 0
      vertex 22.2928 34 0
    endloop
  endfacet
  facet normal 0 0 -1
    outer loop
      vertex 21.6 0 0
      vertex 22.1142 0.187164 0
      vertex 22 0.10718 0
    endloop
  endfacet
  facet normal 0 0 -1
    outer loop
      vertex 22.2928 34 0
      vertex 21.6 34.4 0
      vertex 22.2128 34.1142 0
    endloop
  endfacet
  facet normal 0 0 -1
    outer loop
      vertex 21.6 0 0
      vertex 22 0.10718 0
      vertex 21.8736 0.0482454 0
    endloop
  endfacet
  facet normal 0 0 -1
    outer loop
      vertex 22.2128 34.1142 0
      vertex 21.6 34.4 0
      vertex 22.1142 34.2128 0
    endloop
  endfacet
  facet normal 0 0 -1
    outer loop
      vertex 21.6 0 0
      vertex 21.8736 0.0482454 0
      vertex 21.7389 0.0121536 0
    endloop
  endfacet
  facet normal 0 0 -1
    outer loop
      vertex 22.1142 34.2128 0
      vertex 21.6 34.4 0
      vertex 22 34.2928 0
    endloop
  endfacet
  facet normal 0 0 -1
    outer loop
      vertex 22 34.2928 0
      vertex 21.6 34.4 0
      vertex 21.8736 34.3518 0
    endloop
  endfacet
  facet normal 0 0 -1
    outer loop
      vertex 21.8736 34.3518 0
      vertex 21.6 34.4 0
      vertex 21.7389 34.3878 0
    endloop
  endfacet
  facet normal 0 0 -1
    outer loop
      vertex 0 0.799999 0
      vertex 21.6 0 0
      vertex 0.799999 0 0
    endloop
  endfacet
  facet normal 0 0 -1
    outer loop
      vertex 22.4 33.6 0
      vertex 21.6 34.4 0
      vertex 22.3878 33.7389 0
    endloop
  endfacet
  facet normal 0 0 -1
    outer loop
      vertex 0 0.799999 0
      vertex 0.799999 0 0
      vertex 0.661081 0.0121536 0
    endloop
  endfacet
  facet normal 0 0 -1
    outer loop
      vertex 22.3878 33.7389 0
      vertex 21.6 34.4 0
      vertex 22.3518 33.8736 0
    endloop
  endfacet
  facet normal 0 0 -1
    outer loop
      vertex 0 0.799999 0
      vertex 0.661081 0.0121536 0
      vertex 0.526383 0.0482454 0
    endloop
  endfacet
  facet normal -0 0 -1
    outer loop
      vertex 21.6 34.4 0
      vertex 0 33.6 0
      vertex 0.799999 34.4 0
    endloop
  endfacet
  facet normal 0 0 -1
    outer loop
      vertex 0 0.799999 0
      vertex 0.526383 0.0482454 0
      vertex 0.4 0.10718 0
    endloop
  endfacet
  facet normal 0 0 -1
    outer loop
      vertex 0.799999 34.4 0
      vertex 0 33.6 0
      vertex 0.661081 34.3878 0
    endloop
  endfacet
  facet normal 0 0 -1
    outer loop
      vertex 0 0.799999 0
      vertex 0.4 0.10718 0
      vertex 0.285769 0.187164 0
    endloop
  endfacet
  facet normal 0 0 -1
    outer loop
      vertex 0.661081 34.3878 0
      vertex 0 33.6 0
      vertex 0.526383 34.3518 0
    endloop
  endfacet
  facet normal 0 0 -1
    outer loop
      vertex 0 0.799999 0
      vertex 0.285769 0.187164 0
      vertex 0.187164 0.285769 0
    endloop
  endfacet
  facet normal 0 0 -1
    outer loop
      vertex 0.526383 34.3518 0
      vertex 0 33.6 0
      vertex 0.4 34.2928 0
    endloop
  endfacet
  facet normal 0 0 -1
    outer loop
      vertex 0 0.799999 0
      vertex 0.187164 0.285769 0
      vertex 0.10718 0.4 0
    endloop
  endfacet
  facet normal 0 0 -1
    outer loop
      vertex 0.4 34.2928 0
      vertex 0 33.6 0
      vertex 0.285769 34.2128 0
    endloop
  endfacet
  facet normal 0 0 -1
    outer loop
      vertex 0 0.799999 0
      vertex 0.10718 0.4 0
      vertex 0.0482454 0.526383 0
    endloop
  endfacet
  facet normal 0 0 -1
    outer loop
      vertex 0.285769 34.2128 0
      vertex 0 33.6 0
      vertex 0.187164 34.1142 0
    endloop
  endfacet
  facet normal 0 0 -1
    outer loop
      vertex 0 0.799999 0
      vertex 0.0482454 0.526383 0
      vertex 0.0121536 0.661081 0
    endloop
  endfacet
  facet normal 0 0 -1
    outer loop
      vertex 0.187164 34.1142 0
      vertex 0 33.6 0
      vertex 0.10718 34 0
    endloop
  endfacet
  facet normal 0 0 -1
    outer loop
      vertex 0.10718 34 0
      vertex 0 33.6 0
      vertex 0.0482454 33.8736 0
    endloop
  endfacet
  facet normal 0 0 -1
    outer loop
      vertex 0.0482454 33.8736 0
      vertex 0 33.6 0
      vertex 0.0121536 33.7389 0
    endloop
  endfacet
  facet normal -0.906326 0.422579 0
    outer loop
      vertex 0.0482454 33.8736 0
      vertex 0.10718 34 3
      vertex 0.10718 34 0
    endloop
  endfacet
  facet normal -0.906326 0.422579 0
    outer loop
      vertex 0.10718 34 3
      vertex 0.0482454 33.8736 0
      vertex 0.0482454 33.8736 3
    endloop
  endfacet
  facet normal -0.996194 0.0871659 0
    outer loop
      vertex 0 33.6 0
      vertex 0.0121536 33.7389 3
      vertex 0.0121536 33.7389 0
    endloop
  endfacet
  facet normal -0.996194 0.0871659 0
    outer loop
      vertex 0.0121536 33.7389 3
      vertex 0 33.6 0
      vertex 0 33.6 3
    endloop
  endfacet
  facet normal 0.0874961 0.996165 -0
    outer loop
      vertex 21.7389 34.3878 0
      vertex 21.6 34.4 3
      vertex 21.7389 34.3878 3
    endloop
  endfacet
  facet normal 0.0874961 0.996165 0
    outer loop
      vertex 21.6 34.4 3
      vertex 21.7389 34.3878 0
      vertex 21.6 34.4 0
    endloop
  endfacet
  facet normal 0 1 -0
    outer loop
      vertex 21.6 34.4 0
      vertex 0.799999 34.4 3
      vertex 21.6 34.4 3
    endloop
  endfacet
  facet normal 0 1 0
    outer loop
      vertex 0.799999 34.4 3
      vertex 21.6 34.4 0
      vertex 0.799999 34.4 0
    endloop
  endfacet
  facet normal 0.966092 0.258198 0
    outer loop
      vertex 22.3878 33.7389 3
      vertex 22.3518 33.8736 0
      vertex 22.3518 33.8736 3
    endloop
  endfacet
  facet normal 0.966092 0.258198 0
    outer loop
      vertex 22.3518 33.8736 0
      vertex 22.3878 33.7389 3
      vertex 22.3878 33.7389 0
    endloop
  endfacet
  facet normal 0.996165 0.0874961 0
    outer loop
      vertex 22.4 33.6 3
      vertex 22.3878 33.7389 0
      vertex 22.3878 33.7389 3
    endloop
  endfacet
  facet normal 0.996165 0.0874961 0
    outer loop
      vertex 22.3878 33.7389 0
      vertex 22.4 33.6 3
      vertex 22.4 33.6 0
    endloop
  endfacet
  facet normal 0.819103 -0.573647 0
    outer loop
      vertex 22.2128 0.285769 3
      vertex 22.2928 0.4 0
      vertex 22.2928 0.4 3
    endloop
  endfacet
  facet normal 0.819103 -0.573647 0
    outer loop
      vertex 22.2928 0.4 0
      vertex 22.2128 0.285769 3
      vertex 22.2128 0.285769 0
    endloop
  endfacet
  facet normal 0.422579 -0.906326 0
    outer loop
      vertex 21.8736 0.0482454 0
      vertex 22 0.10718 3
      vertex 21.8736 0.0482454 3
    endloop
  endfacet
  facet normal 0.422579 -0.906326 0
    outer loop
      vertex 22 0.10718 3
      vertex 21.8736 0.0482454 0
      vertex 22 0.10718 0
    endloop
  endfacet
  facet normal -0.0871547 -0.996195 0
    outer loop
      vertex 0.661081 0.0121536 0
      vertex 0.799999 0 3
      vertex 0.661081 0.0121536 3
    endloop
  endfacet
  facet normal -0.0871547 -0.996195 -0
    outer loop
      vertex 0.799999 0 3
      vertex 0.661081 0.0121536 0
      vertex 0.799999 0 0
    endloop
  endfacet
  facet normal -0.965928 0.258813 0
    outer loop
      vertex 0.0121536 33.7389 0
      vertex 0.0482454 33.8736 3
      vertex 0.0482454 33.8736 0
    endloop
  endfacet
  facet normal -0.965928 0.258813 0
    outer loop
      vertex 0.0482454 33.8736 3
      vertex 0.0121536 33.7389 0
      vertex 0.0121536 33.7389 3
    endloop
  endfacet
  facet normal 0.707107 0.707107 0
    outer loop
      vertex 22.2128 34.1142 3
      vertex 22.1142 34.2128 0
      vertex 22.1142 34.2128 3
    endloop
  endfacet
  facet normal 0.707107 0.707107 0
    outer loop
      vertex 22.1142 34.2128 0
      vertex 22.2128 34.1142 3
      vertex 22.2128 34.1142 0
    endloop
  endfacet
  facet normal 0.906147 0.422964 0
    outer loop
      vertex 22.3518 33.8736 3
      vertex 22.2928 34 0
      vertex 22.2928 34 3
    endloop
  endfacet
  facet normal 0.906147 0.422964 0
    outer loop
      vertex 22.2928 34 0
      vertex 22.3518 33.8736 3
      vertex 22.3518 33.8736 0
    endloop
  endfacet
  facet normal 0.996166 -0.0874849 0
    outer loop
      vertex 22.3878 0.661081 3
      vertex 22.4 0.799999 0
      vertex 22.4 0.799999 3
    endloop
  endfacet
  facet normal 0.996166 -0.0874849 0
    outer loop
      vertex 22.4 0.799999 0
      vertex 22.3878 0.661081 3
      vertex 22.3878 0.661081 0
    endloop
  endfacet
  facet normal -0.422626 -0.906304 0
    outer loop
      vertex 0.4 0.10718 0
      vertex 0.526383 0.0482454 3
      vertex 0.4 0.10718 3
    endloop
  endfacet
  facet normal -0.422626 -0.906304 -0
    outer loop
      vertex 0.526383 0.0482454 3
      vertex 0.4 0.10718 0
      vertex 0.526383 0.0482454 0
    endloop
  endfacet
  facet normal 0.258198 0.966092 -0
    outer loop
      vertex 21.8736 34.3518 0
      vertex 21.7389 34.3878 3
      vertex 21.8736 34.3518 3
    endloop
  endfacet
  facet normal 0.258198 0.966092 0
    outer loop
      vertex 21.7389 34.3878 3
      vertex 21.8736 34.3518 0
      vertex 21.7389 34.3878 0
    endloop
  endfacet
  facet normal 0.422964 0.906147 -0
    outer loop
      vertex 22 34.2928 0
      vertex 21.8736 34.3518 3
      vertex 22 34.2928 3
    endloop
  endfacet
  facet normal 0.422964 0.906147 0
    outer loop
      vertex 21.8736 34.3518 3
      vertex 22 34.2928 0
      vertex 21.8736 34.3518 0
    endloop
  endfacet
  facet normal 0.573751 0.81903 -0
    outer loop
      vertex 22.1142 34.2128 0
      vertex 22 34.2928 3
      vertex 22.1142 34.2128 3
    endloop
  endfacet
  facet normal 0.573751 0.81903 0
    outer loop
      vertex 22 34.2928 3
      vertex 22.1142 34.2128 0
      vertex 22 34.2928 0
    endloop
  endfacet
  facet normal 0.81903 0.573751 0
    outer loop
      vertex 22.2928 34 3
      vertex 22.2128 34.1142 0
      vertex 22.2128 34.1142 3
    endloop
  endfacet
  facet normal 0.81903 0.573751 0
    outer loop
      vertex 22.2128 34.1142 0
      vertex 22.2928 34 3
      vertex 22.2928 34 0
    endloop
  endfacet
  facet normal -0.423011 0.906125 0
    outer loop
      vertex 0.526383 34.3518 0
      vertex 0.4 34.2928 3
      vertex 0.526383 34.3518 3
    endloop
  endfacet
  facet normal -0.423011 0.906125 0
    outer loop
      vertex 0.4 34.2928 3
      vertex 0.526383 34.3518 0
      vertex 0.4 34.2928 0
    endloop
  endfacet
  facet normal -0.0874849 0.996166 0
    outer loop
      vertex 0.799999 34.4 0
      vertex 0.661081 34.3878 3
      vertex 0.799999 34.4 3
    endloop
  endfacet
  facet normal -0.0874849 0.996166 0
    outer loop
      vertex 0.661081 34.3878 3
      vertex 0.799999 34.4 0
      vertex 0.661081 34.3878 0
    endloop
  endfacet
  facet normal -0.573647 0.819103 0
    outer loop
      vertex 0.4 34.2928 0
      vertex 0.285769 34.2128 3
      vertex 0.4 34.2928 3
    endloop
  endfacet
  facet normal -0.573647 0.819103 0
    outer loop
      vertex 0.285769 34.2128 3
      vertex 0.4 34.2928 0
      vertex 0.285769 34.2128 0
    endloop
  endfacet
  facet normal -0.819084 0.573674 0
    outer loop
      vertex 0.10718 34 0
      vertex 0.187164 34.1142 3
      vertex 0.187164 34.1142 0
    endloop
  endfacet
  facet normal -0.819084 0.573674 0
    outer loop
      vertex 0.187164 34.1142 3
      vertex 0.10718 34 0
      vertex 0.10718 34 3
    endloop
  endfacet
  facet normal 0.906125 -0.423011 0
    outer loop
      vertex 22.2928 0.4 3
      vertex 22.3518 0.526383 0
      vertex 22.3518 0.526383 3
    endloop
  endfacet
  facet normal 0.906125 -0.423011 0
    outer loop
      vertex 22.3518 0.526383 0
      vertex 22.2928 0.4 3
      vertex 22.2928 0.4 0
    endloop
  endfacet
  facet normal 0.966091 -0.258202 0
    outer loop
      vertex 22.3518 0.526383 3
      vertex 22.3878 0.661081 0
      vertex 22.3878 0.661081 3
    endloop
  endfacet
  facet normal 0.966091 -0.258202 0
    outer loop
      vertex 22.3878 0.661081 0
      vertex 22.3518 0.526383 3
      vertex 22.3518 0.526383 0
    endloop
  endfacet
  facet normal 0.707125 -0.707089 0
    outer loop
      vertex 22.1142 0.187164 0
      vertex 22.2128 0.285769 3
      vertex 22.1142 0.187164 3
    endloop
  endfacet
  facet normal 0.707125 -0.707089 0
    outer loop
      vertex 22.2128 0.285769 3
      vertex 22.1142 0.187164 0
      vertex 22.2128 0.285769 0
    endloop
  endfacet
  facet normal -0.258202 0.966091 0
    outer loop
      vertex 0.661081 34.3878 0
      vertex 0.526383 34.3518 3
      vertex 0.661081 34.3878 3
    endloop
  endfacet
  facet normal -0.258202 0.966091 0
    outer loop
      vertex 0.526383 34.3518 3
      vertex 0.661081 34.3878 0
      vertex 0.526383 34.3518 0
    endloop
  endfacet
  facet normal -0.707089 0.707125 0
    outer loop
      vertex 0.187164 34.1142 0
      vertex 0.285769 34.2128 3
      vertex 0.285769 34.2128 0
    endloop
  endfacet
  facet normal -0.707089 0.707125 0
    outer loop
      vertex 0.285769 34.2128 3
      vertex 0.187164 34.1142 0
      vertex 0.187164 34.1142 3
    endloop
  endfacet
  facet normal 0.258813 -0.965928 0
    outer loop
      vertex 21.7389 0.0121536 0
      vertex 21.8736 0.0482454 3
      vertex 21.7389 0.0121536 3
    endloop
  endfacet
  facet normal 0.258813 -0.965928 0
    outer loop
      vertex 21.8736 0.0482454 3
      vertex 21.7389 0.0121536 0
      vertex 21.8736 0.0482454 0
    endloop
  endfacet
  facet normal 0.0871659 -0.996194 0
    outer loop
      vertex 21.6 0 0
      vertex 21.7389 0.0121536 3
      vertex 21.6 0 3
    endloop
  endfacet
  facet normal 0.0871659 -0.996194 0
    outer loop
      vertex 21.7389 0.0121536 3
      vertex 21.6 0 0
      vertex 21.7389 0.0121536 0
    endloop
  endfacet
  facet normal -0.258816 -0.965927 0
    outer loop
      vertex 0.526383 0.0482454 0
      vertex 0.661081 0.0121536 3
      vertex 0.526383 0.0482454 3
    endloop
  endfacet
  facet normal -0.258816 -0.965927 -0
    outer loop
      vertex 0.661081 0.0121536 3
      vertex 0.526383 0.0482454 0
      vertex 0.661081 0.0121536 0
    endloop
  endfacet
  facet normal 0.573674 -0.819084 0
    outer loop
      vertex 22 0.10718 0
      vertex 22.1142 0.187164 3
      vertex 22 0.10718 3
    endloop
  endfacet
  facet normal 0.573674 -0.819084 0
    outer loop
      vertex 22.1142 0.187164 3
      vertex 22 0.10718 0
      vertex 22.1142 0.187164 0
    endloop
  endfacet
  facet normal -0.707107 -0.707107 0
    outer loop
      vertex 0.285769 0.187164 0
      vertex 0.187164 0.285769 3
      vertex 0.187164 0.285769 0
    endloop
  endfacet
  facet normal -0.707107 -0.707107 0
    outer loop
      vertex 0.187164 0.285769 3
      vertex 0.285769 0.187164 0
      vertex 0.285769 0.187164 3
    endloop
  endfacet
  facet normal 0.965913 0.258868 0
    outer loop
      vertex 0.0108547 1.19344 3
      vertex 0.00273418 1.22374 1
      vertex 0.00273418 1.22374 3
    endloop
  endfacet
  facet normal 0.965913 0.258868 0
    outer loop
      vertex 0.00273418 1.22374 1
      vertex 0.0108547 1.19344 3
      vertex 0.0108547 1.19344 1
    endloop
  endfacet
  facet normal 0.906331 0.422569 0
    outer loop
      vertex 0.0241146 1.165 3
      vertex 0.0108547 1.19344 1
      vertex 0.0108547 1.19344 3
    endloop
  endfacet
  facet normal 0.906331 0.422569 0
    outer loop
      vertex 0.0108547 1.19344 1
      vertex 0.0241146 1.165 3
      vertex 0.0241146 1.165 1
    endloop
  endfacet
  facet normal 0.996197 0.0871331 0
    outer loop
      vertex 0.00273418 1.22374 3
      vertex 0 1.255 1
      vertex 0 1.255 3
    endloop
  endfacet
  facet normal 0.996197 0.0871331 0
    outer loop
      vertex 0 1.255 1
      vertex 0.00273418 1.22374 3
      vertex 0.00273418 1.22374 1
    endloop
  endfacet
  facet normal -0.0868906 0.996218 0
    outer loop
      vertex 22.2513 1.07773 1
      vertex 22.22 1.075 3
      vertex 22.2513 1.07773 3
    endloop
  endfacet
  facet normal -0.0868906 0.996218 0
    outer loop
      vertex 22.22 1.075 3
      vertex 22.2513 1.07773 1
      vertex 22.22 1.075 1
    endloop
  endfacet
  facet normal 0 1 -0
    outer loop
      vertex 22.22 1.075 1
      vertex 0.179999 1.075 3
      vertex 22.22 1.075 3
    endloop
  endfacet
  facet normal 0 1 0
    outer loop
      vertex 0.179999 1.075 3
      vertex 22.22 1.075 1
      vertex 0.179999 1.075 1
    endloop
  endfacet
  facet normal 0.57344 0.819248 -0
    outer loop
      vertex 0.0899992 1.09912 1
      vertex 0.0642977 1.11711 3
      vertex 0.0899992 1.09912 3
    endloop
  endfacet
  facet normal 0.57344 0.819248 0
    outer loop
      vertex 0.0642977 1.11711 3
      vertex 0.0899992 1.09912 1
      vertex 0.0642977 1.11711 1
    endloop
  endfacet
  facet normal 0 -1 0
    outer loop
      vertex 0.179999 2.525 1
      vertex 17.275 2.525 3
      vertex 0.179999 2.525 3
    endloop
  endfacet
  facet normal 0 -1 -0
    outer loop
      vertex 17.275 2.525 3
      vertex 0.179999 2.525 1
      vertex 17.275 2.525 1
    endloop
  endfacet
  facet normal 0 -1 0
    outer loop
      vertex 18.725 2.525 1
      vertex 22.22 2.525 3
      vertex 18.725 2.525 3
    endloop
  endfacet
  facet normal 0 -1 -0
    outer loop
      vertex 22.22 2.525 3
      vertex 18.725 2.525 1
      vertex 22.22 2.525 1
    endloop
  endfacet
  facet normal 0.996197 -0.0871331 0
    outer loop
      vertex 0 2.345 3
      vertex 0.00273418 2.37626 1
      vertex 0.00273418 2.37626 3
    endloop
  endfacet
  facet normal 0.996197 -0.0871331 0
    outer loop
      vertex 0.00273418 2.37626 1
      vertex 0 2.345 3
      vertex 0 2.345 1
    endloop
  endfacet
  facet normal -0.965277 -0.26123 0
    outer loop
      vertex 22.3973 2.37626 1
      vertex 22.3891 2.40656 3
      vertex 22.3891 2.40656 1
    endloop
  endfacet
  facet normal -0.965277 -0.26123 0
    outer loop
      vertex 22.3891 2.40656 3
      vertex 22.3973 2.37626 1
      vertex 22.3973 2.37626 3
    endloop
  endfacet
  facet normal -0.996291 0.086052 0
    outer loop
      vertex 22.3973 1.22374 1
      vertex 22.4 1.255 3
      vertex 22.4 1.255 1
    endloop
  endfacet
  facet normal -0.996291 0.086052 0
    outer loop
      vertex 22.4 1.255 3
      vertex 22.3973 1.22374 1
      vertex 22.3973 1.22374 3
    endloop
  endfacet
  facet normal -0.996291 -0.086052 0
    outer loop
      vertex 22.4 2.345 1
      vertex 22.3973 2.37626 3
      vertex 22.3973 2.37626 1
    endloop
  endfacet
  facet normal -0.996291 -0.086052 0
    outer loop
      vertex 22.3973 2.37626 3
      vertex 22.4 2.345 1
      vertex 22.4 2.345 3
    endloop
  endfacet
  facet normal -0 0 1
    outer loop
      vertex 6.025 21.025 1
      vertex 8.5 19.575 1
      vertex 8.5 21.025 1
    endloop
  endfacet
  facet normal 0 0 1
    outer loop
      vertex 6.025 24.275 1
      vertex 4.575 21.025 1
      vertex 6.025 21.025 1
    endloop
  endfacet
  facet normal -0 0 1
    outer loop
      vertex 4.575 21.025 1
      vertex 8.5 19.575 1
      vertex 6.025 21.025 1
    endloop
  endfacet
  facet normal 0 0 1
    outer loop
      vertex 0.179999 19.575 1
      vertex 4.575 21.025 1
      vertex 0.179999 21.025 1
    endloop
  endfacet
  facet normal 0 0 1
    outer loop
      vertex 4.575 21.025 1
      vertex 0.179999 19.575 1
      vertex 8.5 19.575 1
    endloop
  endfacet
  facet normal 0 0 1
    outer loop
      vertex 0 20.845 1
      vertex 0.179999 21.025 1
      vertex 0.148743 21.0223 1
    endloop
  endfacet
  facet normal 0 0 1
    outer loop
      vertex 0.179999 21.025 1
      vertex 0 20.845 1
      vertex 0.179999 19.575 1
    endloop
  endfacet
  facet normal 0 0 1
    outer loop
      vertex 0 20.845 1
      vertex 0.148743 21.0223 1
      vertex 0.118436 21.0141 1
    endloop
  endfacet
  facet normal -0 0 1
    outer loop
      vertex 0 19.755 1
      vertex 0.179999 19.575 1
      vertex 0 20.845 1
    endloop
  endfacet
  facet normal 0 0 1
    outer loop
      vertex 0 20.845 1
      vertex 0.118436 21.0141 1
      vertex 0.0899992 21.0009 1
    endloop
  endfacet
  facet normal 0 0 1
    outer loop
      vertex 0.179999 19.575 1
      vertex 0 19.755 1
      vertex 0.148743 19.5777 1
    endloop
  endfacet
  facet normal 0 0 1
    outer loop
      vertex 0 20.845 1
      vertex 0.0899992 21.0009 1
      vertex 0.0642977 20.9829 1
    endloop
  endfacet
  facet normal 0 0 1
    outer loop
      vertex 0.148743 19.5777 1
      vertex 0 19.755 1
      vertex 0.118436 19.5859 1
    endloop
  endfacet
  facet normal 0 0 1
    outer loop
      vertex 0 20.845 1
      vertex 0.0642977 20.9829 1
      vertex 0.0421114 20.9607 1
    endloop
  endfacet
  facet normal 0 0 1
    outer loop
      vertex 0.118436 19.5859 1
      vertex 0 19.755 1
      vertex 0.0899992 19.5991 1
    endloop
  endfacet
  facet normal 0 0 1
    outer loop
      vertex 0 20.845 1
      vertex 0.0421114 20.9607 1
      vertex 0.0241146 20.935 1
    endloop
  endfacet
  facet normal 0 0 1
    outer loop
      vertex 0.0899992 19.5991 1
      vertex 0 19.755 1
      vertex 0.0642977 19.6171 1
    endloop
  endfacet
  facet normal 0 0 1
    outer loop
      vertex 0 20.845 1
      vertex 0.0241146 20.935 1
      vertex 0.0108547 20.9066 1
    endloop
  endfacet
  facet normal 0 0 1
    outer loop
      vertex 0.0642977 19.6171 1
      vertex 0 19.755 1
      vertex 0.0421114 19.6393 1
    endloop
  endfacet
  facet normal 0 0 1
    outer loop
      vertex 0 20.845 1
      vertex 0.0108547 20.9066 1
      vertex 0.00273418 20.8763 1
    endloop
  endfacet
  facet normal 0 0 1
    outer loop
      vertex 0.0421114 19.6393 1
      vertex 0 19.755 1
      vertex 0.0241146 19.665 1
    endloop
  endfacet
  facet normal 0 0 1
    outer loop
      vertex 0.0241146 19.665 1
      vertex 0 19.755 1
      vertex 0.0108547 19.6934 1
    endloop
  endfacet
  facet normal 0 0 1
    outer loop
      vertex 0.0108547 19.6934 1
      vertex 0 19.755 1
      vertex 0.00273418 19.7237 1
    endloop
  endfacet
  facet normal 0 0 1
    outer loop
      vertex 15.55 21.75 1
      vertex 15.9 21.025 1
      vertex 15.9 21.4 1
    endloop
  endfacet
  facet normal 0 0 1
    outer loop
      vertex 15.9 21.025 1
      vertex 15.55 21.75 1
      vertex 15.9 19.575 1
    endloop
  endfacet
  facet normal 0 0 1
    outer loop
      vertex 15.55 21.75 1
      vertex 15.9 21.4 1
      vertex 15.8947 21.4608 1
    endloop
  endfacet
  facet normal 0 0 1
    outer loop
      vertex 15.55 18.85 1
      vertex 15.9 19.575 1
      vertex 15.55 21.75 1
    endloop
  endfacet
  facet normal 0 0 1
    outer loop
      vertex 15.55 21.75 1
      vertex 15.8947 21.4608 1
      vertex 15.8789 21.5197 1
    endloop
  endfacet
  facet normal 0 0 1
    outer loop
      vertex 15.9 19.575 1
      vertex 15.55 18.85 1
      vertex 15.9 19.2 1
    endloop
  endfacet
  facet normal 0 0 1
    outer loop
      vertex 15.55 21.75 1
      vertex 15.8789 21.5197 1
      vertex 15.8531 21.575 1
    endloop
  endfacet
  facet normal 0 0 1
    outer loop
      vertex 15.9 19.2 1
      vertex 15.55 18.85 1
      vertex 15.8947 19.1392 1
    endloop
  endfacet
  facet normal 0 0 1
    outer loop
      vertex 15.55 21.75 1
      vertex 15.8531 21.575 1
      vertex 15.8181 21.625 1
    endloop
  endfacet
  facet normal 0 0 1
    outer loop
      vertex 15.8947 19.1392 1
      vertex 15.55 18.85 1
      vertex 15.8789 19.0803 1
    endloop
  endfacet
  facet normal 0 0 1
    outer loop
      vertex 15.55 21.75 1
      vertex 15.8181 21.625 1
      vertex 15.775 21.6681 1
    endloop
  endfacet
  facet normal 0 0 1
    outer loop
      vertex 15.8789 19.0803 1
      vertex 15.55 18.85 1
      vertex 15.8531 19.025 1
    endloop
  endfacet
  facet normal 0 0 1
    outer loop
      vertex 15.55 21.75 1
      vertex 15.775 21.6681 1
      vertex 15.725 21.7031 1
    endloop
  endfacet
  facet normal 0 0 1
    outer loop
      vertex 15.8531 19.025 1
      vertex 15.55 18.85 1
      vertex 15.8181 18.975 1
    endloop
  endfacet
  facet normal 0 0 1
    outer loop
      vertex 15.55 21.75 1
      vertex 15.725 21.7031 1
      vertex 15.6697 21.7289 1
    endloop
  endfacet
  facet normal 0 0 1
    outer loop
      vertex 15.8181 18.975 1
      vertex 15.55 18.85 1
      vertex 15.775 18.9319 1
    endloop
  endfacet
  facet normal 0 0 1
    outer loop
      vertex 15.55 21.75 1
      vertex 15.6697 21.7289 1
      vertex 15.6108 21.7447 1
    endloop
  endfacet
  facet normal 0 0 1
    outer loop
      vertex 15.775 18.9319 1
      vertex 15.55 18.85 1
      vertex 15.725 18.8969 1
    endloop
  endfacet
  facet normal 0 0 1
    outer loop
      vertex 15.725 18.8969 1
      vertex 15.55 18.85 1
      vertex 15.6697 18.8711 1
    endloop
  endfacet
  facet normal 0 0 1
    outer loop
      vertex 15.6697 18.8711 1
      vertex 15.55 18.85 1
      vertex 15.6108 18.8553 1
    endloop
  endfacet
  facet normal -0 0 1
    outer loop
      vertex 8.85 21.75 1
      vertex 15.55 18.85 1
      vertex 15.55 21.75 1
    endloop
  endfacet
  facet normal 0 0 1
    outer loop
      vertex 8.85 21.75 1
      vertex 8.85 18.85 1
      vertex 15.55 18.85 1
    endloop
  endfacet
  facet normal 0 0 1
    outer loop
      vertex 8.5 21.4 1
      vertex 8.85 21.75 1
      vertex 8.78922 21.7447 1
    endloop
  endfacet
  facet normal 0 0 1
    outer loop
      vertex 8.85 21.75 1
      vertex 8.5 21.025 1
      vertex 8.85 18.85 1
    endloop
  endfacet
  facet normal 0 0 1
    outer loop
      vertex 8.5 21.4 1
      vertex 8.78922 21.7447 1
      vertex 8.73029 21.7289 1
    endloop
  endfacet
  facet normal -0 0 1
    outer loop
      vertex 8.5 19.575 1
      vertex 8.85 18.85 1
      vertex 8.5 21.025 1
    endloop
  endfacet
  facet normal 0 0 1
    outer loop
      vertex 8.5 21.4 1
      vertex 8.73029 21.7289 1
      vertex 8.675 21.7031 1
    endloop
  endfacet
  facet normal -0 0 1
    outer loop
      vertex 8.5 19.2 1
      vertex 8.85 18.85 1
      vertex 8.5 19.575 1
    endloop
  endfacet
  facet normal 0 0 1
    outer loop
      vertex 8.5 21.4 1
      vertex 8.675 21.7031 1
      vertex 8.62502 21.6681 1
    endloop
  endfacet
  facet normal 0 0 1
    outer loop
      vertex 8.85 18.85 1
      vertex 8.5 19.2 1
      vertex 8.78922 18.8553 1
    endloop
  endfacet
  facet normal 0 0 1
    outer loop
      vertex 8.5 21.4 1
      vertex 8.62502 21.6681 1
      vertex 8.58188 21.625 1
    endloop
  endfacet
  facet normal 0 0 1
    outer loop
      vertex 8.78922 18.8553 1
      vertex 8.5 19.2 1
      vertex 8.73029 18.8711 1
    endloop
  endfacet
  facet normal 0 0 1
    outer loop
      vertex 8.5 21.4 1
      vertex 8.58188 21.625 1
      vertex 8.54689 21.575 1
    endloop
  endfacet
  facet normal 0 0 1
    outer loop
      vertex 8.73029 18.8711 1
      vertex 8.5 19.2 1
      vertex 8.675 18.8969 1
    endloop
  endfacet
  facet normal 0 0 1
    outer loop
      vertex 8.5 21.4 1
      vertex 8.54689 21.575 1
      vertex 8.52111 21.5197 1
    endloop
  endfacet
  facet normal 0 0 1
    outer loop
      vertex 8.675 18.8969 1
      vertex 8.5 19.2 1
      vertex 8.62502 18.9319 1
    endloop
  endfacet
  facet normal 0 0 1
    outer loop
      vertex 8.5 21.4 1
      vertex 8.52111 21.5197 1
      vertex 8.50532 21.4608 1
    endloop
  endfacet
  facet normal 0 0 1
    outer loop
      vertex 8.62502 18.9319 1
      vertex 8.5 19.2 1
      vertex 8.58188 18.975 1
    endloop
  endfacet
  facet normal 0 0 1
    outer loop
      vertex 8.85 21.75 1
      vertex 8.5 21.4 1
      vertex 8.5 21.025 1
    endloop
  endfacet
  facet normal 0 0 1
    outer loop
      vertex 8.58188 18.975 1
      vertex 8.5 19.2 1
      vertex 8.54689 19.025 1
    endloop
  endfacet
  facet normal 0 0 1
    outer loop
      vertex 8.54689 19.025 1
      vertex 8.5 19.2 1
      vertex 8.52111 19.0803 1
    endloop
  endfacet
  facet normal 0 0 1
    outer loop
      vertex 8.52111 19.0803 1
      vertex 8.5 19.2 1
      vertex 8.50532 19.1392 1
    endloop
  endfacet
  facet normal -0 0 1
    outer loop
      vertex 0.179999 15.925 1
      vertex 17.275 14.475 1
      vertex 17.275 15.925 1
    endloop
  endfacet
  facet normal 0 0 1
    outer loop
      vertex 0.179999 15.925 1
      vertex 0.179999 14.475 1
      vertex 17.275 14.475 1
    endloop
  endfacet
  facet normal 0 0 1
    outer loop
      vertex 0 15.745 1
      vertex 0.179999 15.925 1
      vertex 0.148743 15.9223 1
    endloop
  endfacet
  facet normal 0 0 1
    outer loop
      vertex 0.179999 15.925 1
      vertex 0 15.745 1
      vertex 0.179999 14.475 1
    endloop
  endfacet
  facet normal 0 0 1
    outer loop
      vertex 0 15.745 1
      vertex 0.148743 15.9223 1
      vertex 0.118436 15.9141 1
    endloop
  endfacet
  facet normal -0 0 1
    outer loop
      vertex 0 14.655 1
      vertex 0.179999 14.475 1
      vertex 0 15.745 1
    endloop
  endfacet
  facet normal 0 0 1
    outer loop
      vertex 0 15.745 1
      vertex 0.118436 15.9141 1
      vertex 0.0899992 15.9009 1
    endloop
  endfacet
  facet normal 0 0 1
    outer loop
      vertex 0.179999 14.475 1
      vertex 0 14.655 1
      vertex 0.148743 14.4777 1
    endloop
  endfacet
  facet normal 0 0 1
    outer loop
      vertex 0 15.745 1
      vertex 0.0899992 15.9009 1
      vertex 0.0642977 15.8829 1
    endloop
  endfacet
  facet normal 0 0 1
    outer loop
      vertex 0.148743 14.4777 1
      vertex 0 14.655 1
      vertex 0.118436 14.4859 1
    endloop
  endfacet
  facet normal 0 0 1
    outer loop
      vertex 0 15.745 1
      vertex 0.0642977 15.8829 1
      vertex 0.0421114 15.8607 1
    endloop
  endfacet
  facet normal 0 0 1
    outer loop
      vertex 0.118436 14.4859 1
      vertex 0 14.655 1
      vertex 0.0899992 14.4991 1
    endloop
  endfacet
  facet normal 0 0 1
    outer loop
      vertex 0 15.745 1
      vertex 0.0421114 15.8607 1
      vertex 0.0241146 15.835 1
    endloop
  endfacet
  facet normal 0 0 1
    outer loop
      vertex 0.0899992 14.4991 1
      vertex 0 14.655 1
      vertex 0.0642977 14.5171 1
    endloop
  endfacet
  facet normal 0 0 1
    outer loop
      vertex 0 15.745 1
      vertex 0.0241146 15.835 1
      vertex 0.0108547 15.8066 1
    endloop
  endfacet
  facet normal 0 0 1
    outer loop
      vertex 0.0642977 14.5171 1
      vertex 0 14.655 1
      vertex 0.0421114 14.5393 1
    endloop
  endfacet
  facet normal 0 0 1
    outer loop
      vertex 0 15.745 1
      vertex 0.0108547 15.8066 1
      vertex 0.00273418 15.7763 1
    endloop
  endfacet
  facet normal 0 0 1
    outer loop
      vertex 0.0421114 14.5393 1
      vertex 0 14.655 1
      vertex 0.0241146 14.565 1
    endloop
  endfacet
  facet normal 0 0 1
    outer loop
      vertex 0.0241146 14.565 1
      vertex 0 14.655 1
      vertex 0.0108547 14.5934 1
    endloop
  endfacet
  facet normal 0 0 1
    outer loop
      vertex 0.0108547 14.5934 1
      vertex 0 14.655 1
      vertex 0.00273418 14.6237 1
    endloop
  endfacet
  facet normal -0 0 1
    outer loop
      vertex 15.9 21.025 1
      vertex 17.275 19.575 1
      vertex 17.275 21.025 1
    endloop
  endfacet
  facet normal 0 0 1
    outer loop
      vertex 17.275 19.575 1
      vertex 15.9 21.025 1
      vertex 15.9 19.575 1
    endloop
  endfacet
  facet normal 0 0 1
    outer loop
      vertex 22.22 33.325 1
      vertex 22.4 33.145 1
      vertex 22.3973 33.1763 1
    endloop
  endfacet
  facet normal 0 0 1
    outer loop
      vertex 22.4 33.145 1
      vertex 22.22 33.325 1
      vertex 22.4 32.055 1
    endloop
  endfacet
  facet normal 0 0 1
    outer loop
      vertex 22.22 33.325 1
      vertex 22.3973 33.1763 1
      vertex 22.3891 33.2066 1
    endloop
  endfacet
  facet normal 0 0 1
    outer loop
      vertex 22.22 31.875 1
      vertex 22.4 32.055 1
      vertex 22.22 33.325 1
    endloop
  endfacet
  facet normal 0 0 1
    outer loop
      vertex 22.22 33.325 1
      vertex 22.3891 33.2066 1
      vertex 22.3759 33.235 1
    endloop
  endfacet
  facet normal 0 0 1
    outer loop
      vertex 22.4 32.055 1
      vertex 22.22 31.875 1
      vertex 22.3973 32.0237 1
    endloop
  endfacet
  facet normal 0 0 1
    outer loop
      vertex 22.22 33.325 1
      vertex 22.3759 33.235 1
      vertex 22.3579 33.2607 1
    endloop
  endfacet
  facet normal 0 0 1
    outer loop
      vertex 22.3973 32.0237 1
      vertex 22.22 31.875 1
      vertex 22.3891 31.9934 1
    endloop
  endfacet
  facet normal 0 0 1
    outer loop
      vertex 22.22 33.325 1
      vertex 22.3579 33.2607 1
      vertex 22.3357 33.2829 1
    endloop
  endfacet
  facet normal 0 0 1
    outer loop
      vertex 22.3891 31.9934 1
      vertex 22.22 31.875 1
      vertex 22.3759 31.965 1
    endloop
  endfacet
  facet normal 0 0 1
    outer loop
      vertex 22.22 33.325 1
      vertex 22.3357 33.2829 1
      vertex 22.31 33.3009 1
    endloop
  endfacet
  facet normal 0 0 1
    outer loop
      vertex 22.3759 31.965 1
      vertex 22.22 31.875 1
      vertex 22.3579 31.9393 1
    endloop
  endfacet
  facet normal 0 0 1
    outer loop
      vertex 22.22 33.325 1
      vertex 22.31 33.3009 1
      vertex 22.2816 33.3141 1
    endloop
  endfacet
  facet normal 0 0 1
    outer loop
      vertex 22.3579 31.9393 1
      vertex 22.22 31.875 1
      vertex 22.3357 31.9171 1
    endloop
  endfacet
  facet normal 0 0 1
    outer loop
      vertex 22.22 33.325 1
      vertex 22.2816 33.3141 1
      vertex 22.2513 33.3223 1
    endloop
  endfacet
  facet normal 0 0 1
    outer loop
      vertex 22.3357 31.9171 1
      vertex 22.22 31.875 1
      vertex 22.31 31.8991 1
    endloop
  endfacet
  facet normal 0 0 1
    outer loop
      vertex 22.31 31.8991 1
      vertex 22.22 31.875 1
      vertex 22.2816 31.8859 1
    endloop
  endfacet
  facet normal 0 0 1
    outer loop
      vertex 22.2816 31.8859 1
      vertex 22.22 31.875 1
      vertex 22.2513 31.8777 1
    endloop
  endfacet
  facet normal 0 0 1
    outer loop
      vertex 22.22 33.325 1
      vertex 18.725 31.875 1
      vertex 22.22 31.875 1
    endloop
  endfacet
  facet normal 0 0 1
    outer loop
      vertex 17.275 21.025 1
      vertex 18.725 21.025 1
      vertex 18.725 31.875 1
    endloop
  endfacet
  facet normal 0 0 1
    outer loop
      vertex 18.725 21.025 1
      vertex 17.275 21.025 1
      vertex 18.725 19.575 1
    endloop
  endfacet
  facet normal 0 0 1
    outer loop
      vertex 17.275 19.575 1
      vertex 18.725 19.575 1
      vertex 17.275 21.025 1
    endloop
  endfacet
  facet normal 0 0 1
    outer loop
      vertex 18.725 19.575 1
      vertex 17.275 19.575 1
      vertex 18.725 15.925 1
    endloop
  endfacet
  facet normal 0 0 1
    outer loop
      vertex 17.275 21.025 1
      vertex 18.725 31.875 1
      vertex 17.275 31.875 1
    endloop
  endfacet
  facet normal 0 0 1
    outer loop
      vertex 22.22 33.325 1
      vertex 17.275 31.875 1
      vertex 18.725 31.875 1
    endloop
  endfacet
  facet normal 0 0 1
    outer loop
      vertex 22.22 33.325 1
      vertex 15.2 31.875 1
      vertex 17.275 31.875 1
    endloop
  endfacet
  facet normal 0 0 1
    outer loop
      vertex 13.725 25.7 1
      vertex 15.2 26.05 1
      vertex 15.2 31.875 1
    endloop
  endfacet
  facet normal 0 -0 1
    outer loop
      vertex 14.85 25.7 1
      vertex 15.2 26.05 1
      vertex 13.725 25.7 1
    endloop
  endfacet
  facet normal 0 0 1
    outer loop
      vertex 15.2 26.05 1
      vertex 14.85 25.7 1
      vertex 15.1947 25.9892 1
    endloop
  endfacet
  facet normal 0 0 1
    outer loop
      vertex 15.1947 25.9892 1
      vertex 14.85 25.7 1
      vertex 15.1789 25.9303 1
    endloop
  endfacet
  facet normal 0 0 1
    outer loop
      vertex 15.1789 25.9303 1
      vertex 14.85 25.7 1
      vertex 15.1531 25.875 1
    endloop
  endfacet
  facet normal 0 0 1
    outer loop
      vertex 15.1531 25.875 1
      vertex 14.85 25.7 1
      vertex 15.1181 25.825 1
    endloop
  endfacet
  facet normal 0 0 1
    outer loop
      vertex 15.1181 25.825 1
      vertex 14.85 25.7 1
      vertex 15.075 25.7819 1
    endloop
  endfacet
  facet normal 0 0 1
    outer loop
      vertex 15.025 25.7469 1
      vertex 14.85 25.7 1
      vertex 14.9697 25.7211 1
    endloop
  endfacet
  facet normal 0 0 1
    outer loop
      vertex 14.9697 25.7211 1
      vertex 14.85 25.7 1
      vertex 14.9108 25.7053 1
    endloop
  endfacet
  facet normal 0 0 1
    outer loop
      vertex 15.075 25.7819 1
      vertex 14.85 25.7 1
      vertex 15.025 25.7469 1
    endloop
  endfacet
  facet normal 0 0 1
    outer loop
      vertex 13.2 24.8 1
      vertex 13.725 24.98 1
      vertex 13.725 25.7 1
    endloop
  endfacet
  facet normal 0 -0 1
    outer loop
      vertex 13.545 24.8 1
      vertex 13.725 24.98 1
      vertex 13.2 24.8 1
    endloop
  endfacet
  facet normal 0 0 1
    outer loop
      vertex 13.725 24.98 1
      vertex 13.545 24.8 1
      vertex 13.7223 24.9487 1
    endloop
  endfacet
  facet normal 0 0 1
    outer loop
      vertex 13.7223 24.9487 1
      vertex 13.545 24.8 1
      vertex 13.7141 24.9184 1
    endloop
  endfacet
  facet normal 0 0 1
    outer loop
      vertex 13.7009 24.89 1
      vertex 13.545 24.8 1
      vertex 13.6829 24.8643 1
    endloop
  endfacet
  facet normal 0 0 1
    outer loop
      vertex 13.6829 24.8643 1
      vertex 13.545 24.8 1
      vertex 13.6607 24.8421 1
    endloop
  endfacet
  facet normal 0 0 1
    outer loop
      vertex 13.6607 24.8421 1
      vertex 13.545 24.8 1
      vertex 13.635 24.8241 1
    endloop
  endfacet
  facet normal 0 0 1
    outer loop
      vertex 13.635 24.8241 1
      vertex 13.545 24.8 1
      vertex 13.6066 24.8109 1
    endloop
  endfacet
  facet normal 0 0 1
    outer loop
      vertex 13.6066 24.8109 1
      vertex 13.545 24.8 1
      vertex 13.5763 24.8027 1
    endloop
  endfacet
  facet normal 0 0 1
    outer loop
      vertex 13.7141 24.9184 1
      vertex 13.545 24.8 1
      vertex 13.7009 24.89 1
    endloop
  endfacet
  facet normal -0 0 1
    outer loop
      vertex 10.825 25.9219 1
      vertex 13.725 25.7 1
      vertex 15.2 31.875 1
    endloop
  endfacet
  facet normal 0 0 1
    outer loop
      vertex 13.02 24.275 1
      vertex 13.2 24.455 1
      vertex 13.2 24.8 1
    endloop
  endfacet
  facet normal 0 0 1
    outer loop
      vertex 13.2 24.455 1
      vertex 13.02 24.275 1
      vertex 13.1973 24.4237 1
    endloop
  endfacet
  facet normal 0 0 1
    outer loop
      vertex 13.1973 24.4237 1
      vertex 13.02 24.275 1
      vertex 13.1891 24.3934 1
    endloop
  endfacet
  facet normal 0 0 1
    outer loop
      vertex 13.1891 24.3934 1
      vertex 13.02 24.275 1
      vertex 13.1759 24.365 1
    endloop
  endfacet
  facet normal 0 0 1
    outer loop
      vertex 13.1759 24.365 1
      vertex 13.02 24.275 1
      vertex 13.1579 24.3393 1
    endloop
  endfacet
  facet normal 0 0 1
    outer loop
      vertex 13.1579 24.3393 1
      vertex 13.02 24.275 1
      vertex 13.1357 24.3171 1
    endloop
  endfacet
  facet normal 0 0 1
    outer loop
      vertex 13.1357 24.3171 1
      vertex 13.02 24.275 1
      vertex 13.11 24.2991 1
    endloop
  endfacet
  facet normal 0 0 1
    outer loop
      vertex 13.11 24.2991 1
      vertex 13.02 24.275 1
      vertex 13.0816 24.2859 1
    endloop
  endfacet
  facet normal -0 -0 1
    outer loop
      vertex 11.0219 25.725 1
      vertex 13.725 25.7 1
      vertex 10.825 25.9219 1
    endloop
  endfacet
  facet normal 0 -0 1
    outer loop
      vertex 13.02 24.275 1
      vertex 13.2 24.8 1
      vertex 11.0219 25.725 1
    endloop
  endfacet
  facet normal 0 0 1
    outer loop
      vertex 13.0816 24.2859 1
      vertex 13.02 24.275 1
      vertex 13.0513 24.2777 1
    endloop
  endfacet
  facet normal 0 0 1
    outer loop
      vertex 13.725 25.7 1
      vertex 11.0219 25.725 1
      vertex 13.2 24.8 1
    endloop
  endfacet
  facet normal 0 0 1
    outer loop
      vertex 11.0219 25.725 1
      vertex 10.825 25.9219 1
      vertex 10.975 25.7469 1
    endloop
  endfacet
  facet normal 0 0 1
    outer loop
      vertex 10.975 25.7469 1
      vertex 10.825 25.9219 1
      vertex 10.925 25.7819 1
    endloop
  endfacet
  facet normal 0 0 1
    outer loop
      vertex 10.925 25.7819 1
      vertex 10.825 25.9219 1
      vertex 10.8819 25.825 1
    endloop
  endfacet
  facet normal 0 0 1
    outer loop
      vertex 10.8819 25.825 1
      vertex 10.825 25.9219 1
      vertex 10.8469 25.875 1
    endloop
  endfacet
  facet normal 0 0 1
    outer loop
      vertex 9.375 25.725 1
      vertex 10.825 25.9219 1
      vertex 9.375 31.875 1
    endloop
  endfacet
  facet normal 0 0 1
    outer loop
      vertex 15.2 31.875 1
      vertex 9.375 31.875 1
      vertex 10.825 25.9219 1
    endloop
  endfacet
  facet normal 0 0 1
    outer loop
      vertex 22.22 33.325 1
      vertex 9.375 31.875 1
      vertex 15.2 31.875 1
    endloop
  endfacet
  facet normal -0 0 1
    outer loop
      vertex 0.179999 33.325 1
      vertex 9.375 31.875 1
      vertex 22.22 33.325 1
    endloop
  endfacet
  facet normal 0 0 1
    outer loop
      vertex 3.85 26.05 1
      vertex 6.75 26.05 1
      vertex 6.75 31.875 1
    endloop
  endfacet
  facet normal 0 -0 1
    outer loop
      vertex 4.575 25.7 1
      vertex 6.75 26.05 1
      vertex 3.85 26.05 1
    endloop
  endfacet
  facet normal 0 -0 1
    outer loop
      vertex 6.52805 25.725 1
      vertex 6.75 26.05 1
      vertex 4.575 25.7 1
    endloop
  endfacet
  facet normal 0 0 1
    outer loop
      vertex 6.75 26.05 1
      vertex 6.52805 25.725 1
      vertex 6.74468 25.9892 1
    endloop
  endfacet
  facet normal 0 0 1
    outer loop
      vertex 6.74468 25.9892 1
      vertex 6.52805 25.725 1
      vertex 6.72889 25.9303 1
    endloop
  endfacet
  facet normal 0 0 1
    outer loop
      vertex 6.72889 25.9303 1
      vertex 6.52805 25.725 1
      vertex 6.70311 25.875 1
    endloop
  endfacet
  facet normal 0 0 1
    outer loop
      vertex 6.70311 25.875 1
      vertex 6.52805 25.725 1
      vertex 6.66811 25.825 1
    endloop
  endfacet
  facet normal 0 0 1
    outer loop
      vertex 6.66811 25.825 1
      vertex 6.52805 25.725 1
      vertex 6.62498 25.7819 1
    endloop
  endfacet
  facet normal 0 0 1
    outer loop
      vertex 4.575 21.025 1
      vertex 6.025 24.275 1
      vertex 4.575 25.7 1
    endloop
  endfacet
  facet normal 0 0 1
    outer loop
      vertex 6.52805 25.725 1
      vertex 4.575 25.7 1
      vertex 6.025 24.275 1
    endloop
  endfacet
  facet normal 0 0 1
    outer loop
      vertex 6.62498 25.7819 1
      vertex 6.52805 25.725 1
      vertex 6.575 25.7469 1
    endloop
  endfacet
  facet normal 0 0 1
    outer loop
      vertex 4.575 25.7 1
      vertex 3.85 26.05 1
      vertex 4.2 25.7 1
    endloop
  endfacet
  facet normal 0 0 1
    outer loop
      vertex 4.2 25.7 1
      vertex 3.85 26.05 1
      vertex 4.13922 25.7053 1
    endloop
  endfacet
  facet normal 0 0 1
    outer loop
      vertex 4.13922 25.7053 1
      vertex 3.85 26.05 1
      vertex 4.08029 25.7211 1
    endloop
  endfacet
  facet normal 0 0 1
    outer loop
      vertex 4.08029 25.7211 1
      vertex 3.85 26.05 1
      vertex 4.025 25.7469 1
    endloop
  endfacet
  facet normal 0 0 1
    outer loop
      vertex 4.025 25.7469 1
      vertex 3.85 26.05 1
      vertex 3.97502 25.7819 1
    endloop
  endfacet
  facet normal 0 0 1
    outer loop
      vertex 3.97502 25.7819 1
      vertex 3.85 26.05 1
      vertex 3.93188 25.825 1
    endloop
  endfacet
  facet normal 0 0 1
    outer loop
      vertex 3.93188 25.825 1
      vertex 3.85 26.05 1
      vertex 3.89689 25.875 1
    endloop
  endfacet
  facet normal 0 0 1
    outer loop
      vertex 3.89689 25.875 1
      vertex 3.85 26.05 1
      vertex 3.87111 25.9303 1
    endloop
  endfacet
  facet normal 0 0 1
    outer loop
      vertex 3.85 26.05 1
      vertex 6.75 31.875 1
      vertex 3.85 31.875 1
    endloop
  endfacet
  facet normal 0 0 1
    outer loop
      vertex 9.375 31.875 1
      vertex 0.179999 33.325 1
      vertex 6.75 31.875 1
    endloop
  endfacet
  facet normal 0 0 1
    outer loop
      vertex 6.75 31.875 1
      vertex 0.179999 33.325 1
      vertex 3.85 31.875 1
    endloop
  endfacet
  facet normal 0 0 1
    outer loop
      vertex 0.179999 33.325 1
      vertex 0.179999 31.875 1
      vertex 3.85 31.875 1
    endloop
  endfacet
  facet normal 0 0 1
    outer loop
      vertex 0 33.145 1
      vertex 0.179999 33.325 1
      vertex 0.148743 33.3223 1
    endloop
  endfacet
  facet normal 0 0 1
    outer loop
      vertex 0.179999 33.325 1
      vertex 0 33.145 1
      vertex 0.179999 31.875 1
    endloop
  endfacet
  facet normal 0 0 1
    outer loop
      vertex 0 33.145 1
      vertex 0.148743 33.3223 1
      vertex 0.118436 33.3141 1
    endloop
  endfacet
  facet normal -0 0 1
    outer loop
      vertex 0 32.055 1
      vertex 0.179999 31.875 1
      vertex 0 33.145 1
    endloop
  endfacet
  facet normal 0 0 1
    outer loop
      vertex 0 33.145 1
      vertex 0.118436 33.3141 1
      vertex 0.0899992 33.3009 1
    endloop
  endfacet
  facet normal 0 0 1
    outer loop
      vertex 0.179999 31.875 1
      vertex 0 32.055 1
      vertex 0.148743 31.8777 1
    endloop
  endfacet
  facet normal 0 0 1
    outer loop
      vertex 0 33.145 1
      vertex 0.0899992 33.3009 1
      vertex 0.0642977 33.2829 1
    endloop
  endfacet
  facet normal 0 0 1
    outer loop
      vertex 0.148743 31.8777 1
      vertex 0 32.055 1
      vertex 0.118436 31.8859 1
    endloop
  endfacet
  facet normal 0 0 1
    outer loop
      vertex 0 33.145 1
      vertex 0.0642977 33.2829 1
      vertex 0.0421114 33.2607 1
    endloop
  endfacet
  facet normal 0 0 1
    outer loop
      vertex 0.118436 31.8859 1
      vertex 0 32.055 1
      vertex 0.0899992 31.8991 1
    endloop
  endfacet
  facet normal 0 0 1
    outer loop
      vertex 0 33.145 1
      vertex 0.0421114 33.2607 1
      vertex 0.0241146 33.235 1
    endloop
  endfacet
  facet normal 0 0 1
    outer loop
      vertex 0.0899992 31.8991 1
      vertex 0 32.055 1
      vertex 0.0642977 31.9171 1
    endloop
  endfacet
  facet normal 0 0 1
    outer loop
      vertex 0 33.145 1
      vertex 0.0241146 33.235 1
      vertex 0.0108547 33.2066 1
    endloop
  endfacet
  facet normal 0 0 1
    outer loop
      vertex 0.0642977 31.9171 1
      vertex 0 32.055 1
      vertex 0.0421114 31.9393 1
    endloop
  endfacet
  facet normal 0 0 1
    outer loop
      vertex 0 33.145 1
      vertex 0.0108547 33.2066 1
      vertex 0.00273418 33.1763 1
    endloop
  endfacet
  facet normal 0 0 1
    outer loop
      vertex 0.0421114 31.9393 1
      vertex 0 32.055 1
      vertex 0.0241146 31.965 1
    endloop
  endfacet
  facet normal 0 0 1
    outer loop
      vertex 0.0241146 31.965 1
      vertex 0 32.055 1
      vertex 0.0108547 31.9934 1
    endloop
  endfacet
  facet normal 0 0 1
    outer loop
      vertex 0.0108547 31.9934 1
      vertex 0 32.055 1
      vertex 0.00273418 32.0237 1
    endloop
  endfacet
  facet normal 0 0 1
    outer loop
      vertex 22.22 21.025 1
      vertex 22.4 20.845 1
      vertex 22.3973 20.8763 1
    endloop
  endfacet
  facet normal 0 0 1
    outer loop
      vertex 22.4 20.845 1
      vertex 22.22 21.025 1
      vertex 22.4 19.755 1
    endloop
  endfacet
  facet normal 0 0 1
    outer loop
      vertex 22.22 21.025 1
      vertex 22.3973 20.8763 1
      vertex 22.3891 20.9066 1
    endloop
  endfacet
  facet normal 0 0 1
    outer loop
      vertex 22.22 19.575 1
      vertex 22.4 19.755 1
      vertex 22.22 21.025 1
    endloop
  endfacet
  facet normal 0 0 1
    outer loop
      vertex 22.22 21.025 1
      vertex 22.3891 20.9066 1
      vertex 22.3759 20.935 1
    endloop
  endfacet
  facet normal 0 0 1
    outer loop
      vertex 22.4 19.755 1
      vertex 22.22 19.575 1
      vertex 22.3973 19.7237 1
    endloop
  endfacet
  facet normal 0 0 1
    outer loop
      vertex 22.22 21.025 1
      vertex 22.3759 20.935 1
      vertex 22.3579 20.9607 1
    endloop
  endfacet
  facet normal 0 0 1
    outer loop
      vertex 22.3973 19.7237 1
      vertex 22.22 19.575 1
      vertex 22.3891 19.6934 1
    endloop
  endfacet
  facet normal 0 0 1
    outer loop
      vertex 22.22 21.025 1
      vertex 22.3579 20.9607 1
      vertex 22.3357 20.9829 1
    endloop
  endfacet
  facet normal 0 0 1
    outer loop
      vertex 22.3891 19.6934 1
      vertex 22.22 19.575 1
      vertex 22.3759 19.665 1
    endloop
  endfacet
  facet normal 0 0 1
    outer loop
      vertex 22.22 21.025 1
      vertex 22.3357 20.9829 1
      vertex 22.31 21.0009 1
    endloop
  endfacet
  facet normal 0 0 1
    outer loop
      vertex 22.3759 19.665 1
      vertex 22.22 19.575 1
      vertex 22.3579 19.6393 1
    endloop
  endfacet
  facet normal 0 0 1
    outer loop
      vertex 22.22 21.025 1
      vertex 22.31 21.0009 1
      vertex 22.2816 21.0141 1
    endloop
  endfacet
  facet normal 0 0 1
    outer loop
      vertex 22.3579 19.6393 1
      vertex 22.22 19.575 1
      vertex 22.3357 19.6171 1
    endloop
  endfacet
  facet normal 0 0 1
    outer loop
      vertex 22.22 21.025 1
      vertex 22.2816 21.0141 1
      vertex 22.2513 21.0223 1
    endloop
  endfacet
  facet normal 0 0 1
    outer loop
      vertex 22.3357 19.6171 1
      vertex 22.22 19.575 1
      vertex 22.31 19.5991 1
    endloop
  endfacet
  facet normal 0 0 1
    outer loop
      vertex 22.31 19.5991 1
      vertex 22.22 19.575 1
      vertex 22.2816 19.5859 1
    endloop
  endfacet
  facet normal 0 0 1
    outer loop
      vertex 22.2816 19.5859 1
      vertex 22.22 19.575 1
      vertex 22.2513 19.5777 1
    endloop
  endfacet
  facet normal -0 0 1
    outer loop
      vertex 18.725 21.025 1
      vertex 22.22 19.575 1
      vertex 22.22 21.025 1
    endloop
  endfacet
  facet normal 0 0 1
    outer loop
      vertex 22.22 19.575 1
      vertex 18.725 21.025 1
      vertex 18.725 19.575 1
    endloop
  endfacet
  facet normal 0 0 1
    outer loop
      vertex 22.22 15.925 1
      vertex 22.4 15.745 1
      vertex 22.3973 15.7763 1
    endloop
  endfacet
  facet normal 0 0 1
    outer loop
      vertex 22.4 15.745 1
      vertex 22.22 15.925 1
      vertex 22.4 14.655 1
    endloop
  endfacet
  facet normal 0 0 1
    outer loop
      vertex 22.22 15.925 1
      vertex 22.3973 15.7763 1
      vertex 22.3891 15.8066 1
    endloop
  endfacet
  facet normal 0 0 1
    outer loop
      vertex 22.22 14.475 1
      vertex 22.4 14.655 1
      vertex 22.22 15.925 1
    endloop
  endfacet
  facet normal 0 0 1
    outer loop
      vertex 22.22 15.925 1
      vertex 22.3891 15.8066 1
      vertex 22.3759 15.835 1
    endloop
  endfacet
  facet normal 0 0 1
    outer loop
      vertex 22.4 14.655 1
      vertex 22.22 14.475 1
      vertex 22.3973 14.6237 1
    endloop
  endfacet
  facet normal 0 0 1
    outer loop
      vertex 22.22 15.925 1
      vertex 22.3759 15.835 1
      vertex 22.3579 15.8607 1
    endloop
  endfacet
  facet normal 0 0 1
    outer loop
      vertex 22.3973 14.6237 1
      vertex 22.22 14.475 1
      vertex 22.3891 14.5934 1
    endloop
  endfacet
  facet normal 0 0 1
    outer loop
      vertex 22.22 15.925 1
      vertex 22.3579 15.8607 1
      vertex 22.3357 15.8829 1
    endloop
  endfacet
  facet normal 0 0 1
    outer loop
      vertex 22.3891 14.5934 1
      vertex 22.22 14.475 1
      vertex 22.3759 14.565 1
    endloop
  endfacet
  facet normal 0 0 1
    outer loop
      vertex 22.22 15.925 1
      vertex 22.3357 15.8829 1
      vertex 22.31 15.9009 1
    endloop
  endfacet
  facet normal 0 0 1
    outer loop
      vertex 22.3759 14.565 1
      vertex 22.22 14.475 1
      vertex 22.3579 14.5393 1
    endloop
  endfacet
  facet normal 0 0 1
    outer loop
      vertex 22.22 15.925 1
      vertex 22.31 15.9009 1
      vertex 22.2816 15.9141 1
    endloop
  endfacet
  facet normal 0 0 1
    outer loop
      vertex 22.3579 14.5393 1
      vertex 22.22 14.475 1
      vertex 22.3357 14.5171 1
    endloop
  endfacet
  facet normal 0 0 1
    outer loop
      vertex 22.22 15.925 1
      vertex 22.2816 15.9141 1
      vertex 22.2513 15.9223 1
    endloop
  endfacet
  facet normal 0 0 1
    outer loop
      vertex 22.3357 14.5171 1
      vertex 22.22 14.475 1
      vertex 22.31 14.4991 1
    endloop
  endfacet
  facet normal 0 0 1
    outer loop
      vertex 22.31 14.4991 1
      vertex 22.22 14.475 1
      vertex 22.2816 14.4859 1
    endloop
  endfacet
  facet normal 0 0 1
    outer loop
      vertex 22.2816 14.4859 1
      vertex 22.22 14.475 1
      vertex 22.2513 14.4777 1
    endloop
  endfacet
  facet normal -0 0 1
    outer loop
      vertex 18.725 15.925 1
      vertex 22.22 14.475 1
      vertex 22.22 15.925 1
    endloop
  endfacet
  facet normal 0 0 1
    outer loop
      vertex 22.22 14.475 1
      vertex 18.725 15.925 1
      vertex 18.725 14.475 1
    endloop
  endfacet
  facet normal 0 0 1
    outer loop
      vertex 22.22 2.525 1
      vertex 22.4 2.345 1
      vertex 22.3973 2.37626 1
    endloop
  endfacet
  facet normal 0 0 1
    outer loop
      vertex 22.4 2.345 1
      vertex 22.22 2.525 1
      vertex 22.4 1.255 1
    endloop
  endfacet
  facet normal 0 0 1
    outer loop
      vertex 22.22 2.525 1
      vertex 22.3973 2.37626 1
      vertex 22.3891 2.40656 1
    endloop
  endfacet
  facet normal 0 0 1
    outer loop
      vertex 22.22 1.075 1
      vertex 22.4 1.255 1
      vertex 22.22 2.525 1
    endloop
  endfacet
  facet normal 0 0 1
    outer loop
      vertex 22.22 2.525 1
      vertex 22.3891 2.40656 1
      vertex 22.3759 2.435 1
    endloop
  endfacet
  facet normal 0 0 1
    outer loop
      vertex 22.4 1.255 1
      vertex 22.22 1.075 1
      vertex 22.3973 1.22374 1
    endloop
  endfacet
  facet normal 0 0 1
    outer loop
      vertex 22.22 2.525 1
      vertex 22.3759 2.435 1
      vertex 22.3579 2.4607 1
    endloop
  endfacet
  facet normal 0 0 1
    outer loop
      vertex 22.3973 1.22374 1
      vertex 22.22 1.075 1
      vertex 22.3891 1.19344 1
    endloop
  endfacet
  facet normal 0 0 1
    outer loop
      vertex 22.22 2.525 1
      vertex 22.3579 2.4607 1
      vertex 22.3357 2.48289 1
    endloop
  endfacet
  facet normal 0 0 1
    outer loop
      vertex 22.3891 1.19344 1
      vertex 22.22 1.075 1
      vertex 22.3759 1.165 1
    endloop
  endfacet
  facet normal 0 0 1
    outer loop
      vertex 22.22 2.525 1
      vertex 22.3357 2.48289 1
      vertex 22.31 2.50088 1
    endloop
  endfacet
  facet normal 0 0 1
    outer loop
      vertex 22.3759 1.165 1
      vertex 22.22 1.075 1
      vertex 22.3579 1.1393 1
    endloop
  endfacet
  facet normal 0 0 1
    outer loop
      vertex 22.22 2.525 1
      vertex 22.31 2.50088 1
      vertex 22.2816 2.51414 1
    endloop
  endfacet
  facet normal 0 0 1
    outer loop
      vertex 22.3579 1.1393 1
      vertex 22.22 1.075 1
      vertex 22.3357 1.11711 1
    endloop
  endfacet
  facet normal 0 0 1
    outer loop
      vertex 22.22 2.525 1
      vertex 22.2816 2.51414 1
      vertex 22.2513 2.52226 1
    endloop
  endfacet
  facet normal 0 0 1
    outer loop
      vertex 22.3357 1.11711 1
      vertex 22.22 1.075 1
      vertex 22.31 1.09912 1
    endloop
  endfacet
  facet normal 0 0 1
    outer loop
      vertex 22.31 1.09912 1
      vertex 22.22 1.075 1
      vertex 22.2816 1.08585 1
    endloop
  endfacet
  facet normal 0 0 1
    outer loop
      vertex 22.2816 1.08585 1
      vertex 22.22 1.075 1
      vertex 22.2513 1.07773 1
    endloop
  endfacet
  facet normal -0 0 1
    outer loop
      vertex 18.725 2.525 1
      vertex 22.22 1.075 1
      vertex 22.22 2.525 1
    endloop
  endfacet
  facet normal 0 0 1
    outer loop
      vertex 17.275 15.925 1
      vertex 18.725 15.925 1
      vertex 17.275 19.575 1
    endloop
  endfacet
  facet normal 0 0 1
    outer loop
      vertex 18.725 15.925 1
      vertex 17.275 15.925 1
      vertex 18.725 14.475 1
    endloop
  endfacet
  facet normal 0 0 1
    outer loop
      vertex 17.275 14.475 1
      vertex 18.725 14.475 1
      vertex 17.275 15.925 1
    endloop
  endfacet
  facet normal 0 0 1
    outer loop
      vertex 18.725 14.475 1
      vertex 17.275 14.475 1
      vertex 18.725 2.525 1
    endloop
  endfacet
  facet normal 0 0 1
    outer loop
      vertex 17.275 2.525 1
      vertex 18.725 2.525 1
      vertex 17.275 14.475 1
    endloop
  endfacet
  facet normal -0 0 1
    outer loop
      vertex 17.275 2.525 1
      vertex 22.22 1.075 1
      vertex 18.725 2.525 1
    endloop
  endfacet
  facet normal 0 0 1
    outer loop
      vertex 0.179999 1.075 1
      vertex 17.275 2.525 1
      vertex 0.179999 2.525 1
    endloop
  endfacet
  facet normal 0 0 1
    outer loop
      vertex 17.275 2.525 1
      vertex 0.179999 1.075 1
      vertex 22.22 1.075 1
    endloop
  endfacet
  facet normal 0 0 1
    outer loop
      vertex 0 2.345 1
      vertex 0.179999 2.525 1
      vertex 0.148743 2.52226 1
    endloop
  endfacet
  facet normal 0 0 1
    outer loop
      vertex 0.179999 2.525 1
      vertex 0 2.345 1
      vertex 0.179999 1.075 1
    endloop
  endfacet
  facet normal 0 0 1
    outer loop
      vertex 0 2.345 1
      vertex 0.148743 2.52226 1
      vertex 0.118436 2.51414 1
    endloop
  endfacet
  facet normal -0 0 1
    outer loop
      vertex 0 1.255 1
      vertex 0.179999 1.075 1
      vertex 0 2.345 1
    endloop
  endfacet
  facet normal 0 0 1
    outer loop
      vertex 0 2.345 1
      vertex 0.118436 2.51414 1
      vertex 0.0899992 2.50088 1
    endloop
  endfacet
  facet normal 0 0 1
    outer loop
      vertex 0.179999 1.075 1
      vertex 0 1.255 1
      vertex 0.148743 1.07773 1
    endloop
  endfacet
  facet normal 0 0 1
    outer loop
      vertex 0 2.345 1
      vertex 0.0899992 2.50088 1
      vertex 0.0642977 2.48289 1
    endloop
  endfacet
  facet normal 0 0 1
    outer loop
      vertex 0.148743 1.07773 1
      vertex 0 1.255 1
      vertex 0.118436 1.08585 1
    endloop
  endfacet
  facet normal 0 0 1
    outer loop
      vertex 0 2.345 1
      vertex 0.0642977 2.48289 1
      vertex 0.0421114 2.4607 1
    endloop
  endfacet
  facet normal 0 0 1
    outer loop
      vertex 0.118436 1.08585 1
      vertex 0 1.255 1
      vertex 0.0899992 1.09912 1
    endloop
  endfacet
  facet normal 0 0 1
    outer loop
      vertex 0 2.345 1
      vertex 0.0421114 2.4607 1
      vertex 0.0241146 2.435 1
    endloop
  endfacet
  facet normal 0 0 1
    outer loop
      vertex 0.0899992 1.09912 1
      vertex 0 1.255 1
      vertex 0.0642977 1.11711 1
    endloop
  endfacet
  facet normal 0 0 1
    outer loop
      vertex 0 2.345 1
      vertex 0.0241146 2.435 1
      vertex 0.0108547 2.40656 1
    endloop
  endfacet
  facet normal 0 0 1
    outer loop
      vertex 0.0642977 1.11711 1
      vertex 0 1.255 1
      vertex 0.0421114 1.1393 1
    endloop
  endfacet
  facet normal 0 0 1
    outer loop
      vertex 0 2.345 1
      vertex 0.0108547 2.40656 1
      vertex 0.00273418 2.37626 1
    endloop
  endfacet
  facet normal 0 0 1
    outer loop
      vertex 0.0421114 1.1393 1
      vertex 0 1.255 1
      vertex 0.0241146 1.165 1
    endloop
  endfacet
  facet normal 0 0 1
    outer loop
      vertex 0.0241146 1.165 1
      vertex 0 1.255 1
      vertex 0.0108547 1.19344 1
    endloop
  endfacet
  facet normal 0 0 1
    outer loop
      vertex 0.0108547 1.19344 1
      vertex 0 1.255 1
      vertex 0.00273418 1.22374 1
    endloop
  endfacet
  facet normal -0 0 1
    outer loop
      vertex 10.825 25.725 1
      vertex 13.02 24.275 1
      vertex 11.0219 25.725 1
    endloop
  endfacet
  facet normal 0 0 1
    outer loop
      vertex 10.825 25.9219 1
      vertex 9.375 25.725 1
      vertex 10.825 25.725 1
    endloop
  endfacet
  facet normal -0 0 1
    outer loop
      vertex 9.375 25.725 1
      vertex 13.02 24.275 1
      vertex 10.825 25.725 1
    endloop
  endfacet
  facet normal 0 0 1
    outer loop
      vertex 6.025 24.275 1
      vertex 9.375 25.725 1
      vertex 6.52805 25.725 1
    endloop
  endfacet
  facet normal 0 0 1
    outer loop
      vertex 9.375 25.725 1
      vertex 6.025 24.275 1
      vertex 13.02 24.275 1
    endloop
  endfacet
  facet normal 0 0 1
    outer loop
      vertex 3.87111 25.9303 1
      vertex 3.85 26.05 1
      vertex 3.85532 25.9892 1
    endloop
  endfacet
  facet normal 0.57344 -0.819248 0
    outer loop
      vertex 0.0642977 2.48289 1
      vertex 0.0899992 2.50088 3
      vertex 0.0642977 2.48289 3
    endloop
  endfacet
  facet normal 0.57344 -0.819248 0
    outer loop
      vertex 0.0899992 2.50088 3
      vertex 0.0642977 2.48289 1
      vertex 0.0899992 2.50088 1
    endloop
  endfacet
  facet normal 0.81913 -0.573608 0
    outer loop
      vertex 0.0241146 2.435 3
      vertex 0.0421114 2.4607 1
      vertex 0.0421114 2.4607 3
    endloop
  endfacet
  facet normal 0.81913 -0.573608 0
    outer loop
      vertex 0.0421114 2.4607 1
      vertex 0.0241146 2.435 3
      vertex 0.0241146 2.435 1
    endloop
  endfacet
  facet normal -0.42306 -0.906102 0
    outer loop
      vertex 22.2816 2.51414 1
      vertex 22.31 2.50088 3
      vertex 22.2816 2.51414 3
    endloop
  endfacet
  facet normal -0.42306 -0.906102 -0
    outer loop
      vertex 22.31 2.50088 3
      vertex 22.2816 2.51414 1
      vertex 22.31 2.50088 1
    endloop
  endfacet
  facet normal -0.258853 -0.965917 0
    outer loop
      vertex 22.2513 2.52226 1
      vertex 22.2816 2.51414 3
      vertex 22.2513 2.52226 3
    endloop
  endfacet
  facet normal -0.258853 -0.965917 -0
    outer loop
      vertex 22.2816 2.51414 3
      vertex 22.2513 2.52226 1
      vertex 22.2816 2.51414 1
    endloop
  endfacet
  facet normal -0.706947 -0.707266 0
    outer loop
      vertex 22.3579 2.4607 1
      vertex 22.3357 2.48289 3
      vertex 22.3357 2.48289 1
    endloop
  endfacet
  facet normal -0.706947 -0.707266 0
    outer loop
      vertex 22.3357 2.48289 3
      vertex 22.3579 2.4607 1
      vertex 22.3579 2.4607 3
    endloop
  endfacet
  facet normal -0.965277 0.26123 0
    outer loop
      vertex 22.3891 1.19344 1
      vertex 22.3973 1.22374 3
      vertex 22.3973 1.22374 1
    endloop
  endfacet
  facet normal -0.965277 0.26123 0
    outer loop
      vertex 22.3973 1.22374 3
      vertex 22.3891 1.19344 1
      vertex 22.3891 1.19344 3
    endloop
  endfacet
  facet normal 0.258797 0.965932 -0
    outer loop
      vertex 0.148743 1.07773 1
      vertex 0.118436 1.08585 3
      vertex 0.148743 1.07773 3
    endloop
  endfacet
  facet normal 0.258797 0.965932 0
    outer loop
      vertex 0.118436 1.08585 3
      vertex 0.148743 1.07773 1
      vertex 0.118436 1.08585 1
    endloop
  endfacet
  facet normal 0.42261 -0.906311 0
    outer loop
      vertex 0.0899992 2.50088 1
      vertex 0.118436 2.51414 3
      vertex 0.0899992 2.50088 3
    endloop
  endfacet
  facet normal 0.42261 -0.906311 0
    outer loop
      vertex 0.118436 2.51414 3
      vertex 0.0899992 2.50088 1
      vertex 0.118436 2.51414 1
    endloop
  endfacet
  facet normal 0.258797 -0.965932 0
    outer loop
      vertex 0.118436 2.51414 1
      vertex 0.148743 2.52226 3
      vertex 0.118436 2.51414 3
    endloop
  endfacet
  facet normal 0.258797 -0.965932 0
    outer loop
      vertex 0.148743 2.52226 3
      vertex 0.118436 2.51414 1
      vertex 0.148743 2.52226 1
    endloop
  endfacet
  facet normal 0.0873283 -0.99618 0
    outer loop
      vertex 0.148743 2.52226 1
      vertex 0.179999 2.525 3
      vertex 0.148743 2.52226 3
    endloop
  endfacet
  facet normal 0.0873283 -0.99618 0
    outer loop
      vertex 0.179999 2.525 3
      vertex 0.148743 2.52226 1
      vertex 0.179999 2.525 1
    endloop
  endfacet
  facet normal 0.707166 -0.707048 0
    outer loop
      vertex 0.0421114 2.4607 3
      vertex 0.0642977 2.48289 1
      vertex 0.0642977 2.48289 3
    endloop
  endfacet
  facet normal 0.707166 -0.707048 0
    outer loop
      vertex 0.0642977 2.48289 1
      vertex 0.0421114 2.4607 3
      vertex 0.0421114 2.4607 1
    endloop
  endfacet
  facet normal 0.965913 -0.258868 0
    outer loop
      vertex 0.00273418 2.37626 3
      vertex 0.0108547 2.40656 1
      vertex 0.0108547 2.40656 3
    endloop
  endfacet
  facet normal 0.965913 -0.258868 0
    outer loop
      vertex 0.0108547 2.40656 1
      vertex 0.00273418 2.37626 3
      vertex 0.00273418 2.37626 1
    endloop
  endfacet
  facet normal 0.906331 -0.422569 0
    outer loop
      vertex 0.0108547 2.40656 3
      vertex 0.0241146 2.435 1
      vertex 0.0241146 2.435 3
    endloop
  endfacet
  facet normal 0.906331 -0.422569 0
    outer loop
      vertex 0.0241146 2.435 1
      vertex 0.0108547 2.40656 3
      vertex 0.0108547 2.40656 1
    endloop
  endfacet
  facet normal -0.0872064 -0.99619 0
    outer loop
      vertex 22.22 2.525 1
      vertex 22.2513 2.52226 3
      vertex 22.22 2.525 3
    endloop
  endfacet
  facet normal -0.0872064 -0.99619 -0
    outer loop
      vertex 22.2513 2.52226 3
      vertex 22.22 2.525 1
      vertex 22.2513 2.52226 1
    endloop
  endfacet
  facet normal -0.573462 -0.819232 0
    outer loop
      vertex 22.31 2.50088 1
      vertex 22.3357 2.48289 3
      vertex 22.31 2.50088 3
    endloop
  endfacet
  facet normal -0.573462 -0.819232 -0
    outer loop
      vertex 22.3357 2.48289 3
      vertex 22.31 2.50088 1
      vertex 22.3357 2.48289 1
    endloop
  endfacet
  facet normal -0.819082 -0.573676 0
    outer loop
      vertex 22.3759 2.435 1
      vertex 22.3579 2.4607 3
      vertex 22.3579 2.4607 1
    endloop
  endfacet
  facet normal -0.819082 -0.573676 0
    outer loop
      vertex 22.3579 2.4607 3
      vertex 22.3759 2.435 1
      vertex 22.3759 2.435 3
    endloop
  endfacet
  facet normal -0.907061 -0.420999 0
    outer loop
      vertex 22.3891 2.40656 1
      vertex 22.3759 2.435 3
      vertex 22.3759 2.435 1
    endloop
  endfacet
  facet normal -0.907061 -0.420999 0
    outer loop
      vertex 22.3759 2.435 3
      vertex 22.3891 2.40656 1
      vertex 22.3891 2.40656 3
    endloop
  endfacet
  facet normal -0.573462 0.819232 0
    outer loop
      vertex 22.3357 1.11711 1
      vertex 22.31 1.09912 3
      vertex 22.3357 1.11711 3
    endloop
  endfacet
  facet normal -0.573462 0.819232 0
    outer loop
      vertex 22.31 1.09912 3
      vertex 22.3357 1.11711 1
      vertex 22.31 1.09912 1
    endloop
  endfacet
  facet normal -0.423322 0.905979 0
    outer loop
      vertex 22.31 1.09912 1
      vertex 22.2816 1.08585 3
      vertex 22.31 1.09912 3
    endloop
  endfacet
  facet normal -0.423322 0.905979 0
    outer loop
      vertex 22.2816 1.08585 3
      vertex 22.31 1.09912 1
      vertex 22.2816 1.08585 1
    endloop
  endfacet
  facet normal -0.907061 0.420999 0
    outer loop
      vertex 22.3759 1.165 1
      vertex 22.3891 1.19344 3
      vertex 22.3891 1.19344 1
    endloop
  endfacet
  facet normal -0.907061 0.420999 0
    outer loop
      vertex 22.3891 1.19344 3
      vertex 22.3759 1.165 1
      vertex 22.3759 1.165 3
    endloop
  endfacet
  facet normal -0.706947 0.707266 0
    outer loop
      vertex 22.3357 1.11711 1
      vertex 22.3579 1.1393 3
      vertex 22.3579 1.1393 1
    endloop
  endfacet
  facet normal -0.706947 0.707266 0
    outer loop
      vertex 22.3579 1.1393 3
      vertex 22.3357 1.11711 1
      vertex 22.3357 1.11711 3
    endloop
  endfacet
  facet normal 0.087012 0.996207 -0
    outer loop
      vertex 0.179999 1.075 1
      vertex 0.148743 1.07773 3
      vertex 0.179999 1.075 3
    endloop
  endfacet
  facet normal 0.087012 0.996207 0
    outer loop
      vertex 0.148743 1.07773 3
      vertex 0.179999 1.075 1
      vertex 0.148743 1.07773 1
    endloop
  endfacet
  facet normal 0.422872 0.906189 -0
    outer loop
      vertex 0.118436 1.08585 1
      vertex 0.0899992 1.09912 3
      vertex 0.118436 1.08585 3
    endloop
  endfacet
  facet normal 0.422872 0.906189 0
    outer loop
      vertex 0.0899992 1.09912 3
      vertex 0.118436 1.08585 1
      vertex 0.0899992 1.09912 1
    endloop
  endfacet
  facet normal -0.258853 0.965917 0
    outer loop
      vertex 22.2816 1.08585 1
      vertex 22.2513 1.07773 3
      vertex 22.2816 1.08585 3
    endloop
  endfacet
  facet normal -0.258853 0.965917 0
    outer loop
      vertex 22.2513 1.07773 3
      vertex 22.2816 1.08585 1
      vertex 22.2513 1.07773 1
    endloop
  endfacet
  facet normal -0.819082 0.573676 0
    outer loop
      vertex 22.3579 1.1393 1
      vertex 22.3759 1.165 3
      vertex 22.3759 1.165 1
    endloop
  endfacet
  facet normal -0.819082 0.573676 0
    outer loop
      vertex 22.3759 1.165 3
      vertex 22.3579 1.1393 1
      vertex 22.3579 1.1393 3
    endloop
  endfacet
  facet normal 0.707166 0.707048 0
    outer loop
      vertex 0.0642977 1.11711 3
      vertex 0.0421114 1.1393 1
      vertex 0.0421114 1.1393 3
    endloop
  endfacet
  facet normal 0.707166 0.707048 0
    outer loop
      vertex 0.0421114 1.1393 1
      vertex 0.0642977 1.11711 3
      vertex 0.0642977 1.11711 1
    endloop
  endfacet
  facet normal 0.81913 0.573608 0
    outer loop
      vertex 0.0421114 1.1393 3
      vertex 0.0241146 1.165 1
      vertex 0.0241146 1.165 3
    endloop
  endfacet
  facet normal 0.81913 0.573608 0
    outer loop
      vertex 0.0241146 1.165 1
      vertex 0.0421114 1.1393 3
      vertex 0.0421114 1.1393 1
    endloop
  endfacet
  facet normal 0.965913 0.258868 0
    outer loop
      vertex 0.0108547 14.5934 3
      vertex 0.00273418 14.6237 1
      vertex 0.00273418 14.6237 3
    endloop
  endfacet
  facet normal 0.965913 0.258868 0
    outer loop
      vertex 0.00273418 14.6237 1
      vertex 0.0108547 14.5934 3
      vertex 0.0108547 14.5934 1
    endloop
  endfacet
  facet normal 0.906103 0.423058 0
    outer loop
      vertex 0.0241146 14.565 3
      vertex 0.0108547 14.5934 1
      vertex 0.0108547 14.5934 3
    endloop
  endfacet
  facet normal 0.906103 0.423058 0
    outer loop
      vertex 0.0108547 14.5934 1
      vertex 0.0241146 14.565 3
      vertex 0.0241146 14.565 1
    endloop
  endfacet
  facet normal 0 1 -0
    outer loop
      vertex 22.22 14.475 1
      vertex 18.725 14.475 3
      vertex 22.22 14.475 3
    endloop
  endfacet
  facet normal 0 1 0
    outer loop
      vertex 18.725 14.475 3
      vertex 22.22 14.475 1
      vertex 18.725 14.475 1
    endloop
  endfacet
  facet normal 0 1 -0
    outer loop
      vertex 17.275 14.475 1
      vertex 0.179999 14.475 3
      vertex 17.275 14.475 3
    endloop
  endfacet
  facet normal 0 1 0
    outer loop
      vertex 0.179999 14.475 3
      vertex 17.275 14.475 1
      vertex 0.179999 14.475 1
    endloop
  endfacet
  facet normal 0.965913 -0.258868 0
    outer loop
      vertex 0.00273418 15.7763 3
      vertex 0.0108547 15.8066 1
      vertex 0.0108547 15.8066 3
    endloop
  endfacet
  facet normal 0.965913 -0.258868 0
    outer loop
      vertex 0.0108547 15.8066 1
      vertex 0.00273418 15.7763 3
      vertex 0.00273418 15.7763 1
    endloop
  endfacet
  facet normal 0 -1 0
    outer loop
      vertex 18.725 15.925 1
      vertex 22.22 15.925 3
      vertex 18.725 15.925 3
    endloop
  endfacet
  facet normal 0 -1 -0
    outer loop
      vertex 22.22 15.925 3
      vertex 18.725 15.925 1
      vertex 22.22 15.925 1
    endloop
  endfacet
  facet normal 0 -1 0
    outer loop
      vertex 0.179999 15.925 1
      vertex 17.275 15.925 3
      vertex 0.179999 15.925 3
    endloop
  endfacet
  facet normal 0 -1 -0
    outer loop
      vertex 17.275 15.925 3
      vertex 0.179999 15.925 1
      vertex 17.275 15.925 1
    endloop
  endfacet
  facet normal 0.261174 -0.965292 0
    outer loop
      vertex 0.118436 15.9141 1
      vertex 0.148743 15.9223 3
      vertex 0.118436 15.9141 3
    endloop
  endfacet
  facet normal 0.261174 -0.965292 0
    outer loop
      vertex 0.148743 15.9223 3
      vertex 0.118436 15.9141 1
      vertex 0.148743 15.9223 1
    endloop
  endfacet
  facet normal -0.965277 -0.26123 0
    outer loop
      vertex 22.3973 15.7763 1
      vertex 22.3891 15.8066 3
      vertex 22.3891 15.8066 1
    endloop
  endfacet
  facet normal -0.965277 -0.26123 0
    outer loop
      vertex 22.3891 15.8066 3
      vertex 22.3973 15.7763 1
      vertex 22.3973 15.7763 3
    endloop
  endfacet
  facet normal -0.9963 0.0859428 0
    outer loop
      vertex 22.3973 14.6237 1
      vertex 22.4 14.655 3
      vertex 22.4 14.655 1
    endloop
  endfacet
  facet normal -0.9963 0.0859428 0
    outer loop
      vertex 22.4 14.655 3
      vertex 22.3973 14.6237 1
      vertex 22.3973 14.6237 3
    endloop
  endfacet
  facet normal 0.81913 0.573608 0
    outer loop
      vertex 0.0421114 14.5393 3
      vertex 0.0241146 14.565 1
      vertex 0.0241146 14.565 3
    endloop
  endfacet
  facet normal 0.81913 0.573608 0
    outer loop
      vertex 0.0241146 14.565 1
      vertex 0.0421114 14.5393 3
      vertex 0.0421114 14.5393 1
    endloop
  endfacet
  facet normal 0.996206 0.0870226 0
    outer loop
      vertex 0.00273418 14.6237 3
      vertex 0 14.655 1
      vertex 0 14.655 3
    endloop
  endfacet
  facet normal 0.996206 0.0870226 0
    outer loop
      vertex 0 14.655 1
      vertex 0.00273418 14.6237 3
      vertex 0.00273418 14.6237 1
    endloop
  endfacet
  facet normal 0.996206 -0.0870226 0
    outer loop
      vertex 0 15.745 3
      vertex 0.00273418 15.7763 1
      vertex 0.00273418 15.7763 3
    endloop
  endfacet
  facet normal 0.996206 -0.0870226 0
    outer loop
      vertex 0.00273418 15.7763 1
      vertex 0 15.745 3
      vertex 0 15.745 1
    endloop
  endfacet
  facet normal 0.0860629 -0.99629 0
    outer loop
      vertex 0.148743 15.9223 1
      vertex 0.179999 15.925 3
      vertex 0.148743 15.9223 3
    endloop
  endfacet
  facet normal 0.0860629 -0.99629 0
    outer loop
      vertex 0.179999 15.925 3
      vertex 0.148743 15.9223 1
      vertex 0.179999 15.925 1
    endloop
  endfacet
  facet normal 0.573654 -0.819098 0
    outer loop
      vertex 0.0642977 15.8829 1
      vertex 0.0899992 15.9009 3
      vertex 0.0642977 15.8829 3
    endloop
  endfacet
  facet normal 0.573654 -0.819098 0
    outer loop
      vertex 0.0899992 15.9009 3
      vertex 0.0642977 15.8829 1
      vertex 0.0899992 15.9009 1
    endloop
  endfacet
  facet normal -0.707107 -0.707107 0
    outer loop
      vertex 22.3579 15.8607 1
      vertex 22.3357 15.8829 3
      vertex 22.3357 15.8829 1
    endloop
  endfacet
  facet normal -0.707107 -0.707107 0
    outer loop
      vertex 22.3357 15.8829 3
      vertex 22.3579 15.8607 1
      vertex 22.3579 15.8607 3
    endloop
  endfacet
  facet normal -0.0859428 -0.9963 0
    outer loop
      vertex 22.22 15.925 1
      vertex 22.2513 15.9223 3
      vertex 22.22 15.925 3
    endloop
  endfacet
  facet normal -0.0859428 -0.9963 -0
    outer loop
      vertex 22.2513 15.9223 3
      vertex 22.22 15.925 1
      vertex 22.2513 15.9223 1
    endloop
  endfacet
  facet normal -0.9963 -0.0859428 0
    outer loop
      vertex 22.4 15.745 1
      vertex 22.3973 15.7763 3
      vertex 22.3973 15.7763 1
    endloop
  endfacet
  facet normal -0.9963 -0.0859428 0
    outer loop
      vertex 22.3973 15.7763 3
      vertex 22.4 15.745 1
      vertex 22.4 15.745 3
    endloop
  endfacet
  facet normal -0.421487 0.906835 0
    outer loop
      vertex 22.31 14.4991 1
      vertex 22.2816 14.4859 3
      vertex 22.31 14.4991 3
    endloop
  endfacet
  facet normal -0.421487 0.906835 0
    outer loop
      vertex 22.2816 14.4859 3
      vertex 22.31 14.4991 1
      vertex 22.2816 14.4859 1
    endloop
  endfacet
  facet normal -0.906835 0.421487 0
    outer loop
      vertex 22.3759 14.565 1
      vertex 22.3891 14.5934 3
      vertex 22.3891 14.5934 1
    endloop
  endfacet
  facet normal -0.906835 0.421487 0
    outer loop
      vertex 22.3891 14.5934 3
      vertex 22.3759 14.565 1
      vertex 22.3759 14.565 3
    endloop
  endfacet
  facet normal 0.421038 0.907043 -0
    outer loop
      vertex 0.118436 14.4859 1
      vertex 0.0899992 14.4991 3
      vertex 0.118436 14.4859 3
    endloop
  endfacet
  facet normal 0.421038 0.907043 0
    outer loop
      vertex 0.0899992 14.4991 3
      vertex 0.118436 14.4859 1
      vertex 0.0899992 14.4991 1
    endloop
  endfacet
  facet normal 0.906103 -0.423058 0
    outer loop
      vertex 0.0108547 15.8066 3
      vertex 0.0241146 15.835 1
      vertex 0.0241146 15.835 3
    endloop
  endfacet
  facet normal 0.906103 -0.423058 0
    outer loop
      vertex 0.0241146 15.835 1
      vertex 0.0108547 15.8066 3
      vertex 0.0108547 15.8066 1
    endloop
  endfacet
  facet normal 0.81913 -0.573608 0
    outer loop
      vertex 0.0241146 15.835 3
      vertex 0.0421114 15.8607 1
      vertex 0.0421114 15.8607 3
    endloop
  endfacet
  facet normal 0.81913 -0.573608 0
    outer loop
      vertex 0.0421114 15.8607 1
      vertex 0.0241146 15.835 3
      vertex 0.0241146 15.835 1
    endloop
  endfacet
  facet normal 0.707325 -0.706888 0
    outer loop
      vertex 0.0421114 15.8607 3
      vertex 0.0642977 15.8829 1
      vertex 0.0642977 15.8829 3
    endloop
  endfacet
  facet normal 0.707325 -0.706888 0
    outer loop
      vertex 0.0642977 15.8829 1
      vertex 0.0421114 15.8607 3
      vertex 0.0421114 15.8607 1
    endloop
  endfacet
  facet normal 0.421038 -0.907043 0
    outer loop
      vertex 0.0899992 15.9009 1
      vertex 0.118436 15.9141 3
      vertex 0.0899992 15.9009 3
    endloop
  endfacet
  facet normal 0.421038 -0.907043 0
    outer loop
      vertex 0.118436 15.9141 3
      vertex 0.0899992 15.9009 1
      vertex 0.118436 15.9141 1
    endloop
  endfacet
  facet normal -0.819082 -0.573676 0
    outer loop
      vertex 22.3759 15.835 1
      vertex 22.3579 15.8607 3
      vertex 22.3579 15.8607 1
    endloop
  endfacet
  facet normal -0.819082 -0.573676 0
    outer loop
      vertex 22.3579 15.8607 3
      vertex 22.3759 15.835 1
      vertex 22.3759 15.835 3
    endloop
  endfacet
  facet normal -0.906835 -0.421487 0
    outer loop
      vertex 22.3891 15.8066 1
      vertex 22.3759 15.835 3
      vertex 22.3759 15.835 1
    endloop
  endfacet
  facet normal -0.906835 -0.421487 0
    outer loop
      vertex 22.3759 15.835 3
      vertex 22.3891 15.8066 1
      vertex 22.3891 15.8066 3
    endloop
  endfacet
  facet normal -0.421487 -0.906835 0
    outer loop
      vertex 22.2816 15.9141 1
      vertex 22.31 15.9009 3
      vertex 22.2816 15.9141 3
    endloop
  endfacet
  facet normal -0.421487 -0.906835 -0
    outer loop
      vertex 22.31 15.9009 3
      vertex 22.2816 15.9141 1
      vertex 22.31 15.9009 1
    endloop
  endfacet
  facet normal -0.573676 -0.819082 0
    outer loop
      vertex 22.31 15.9009 1
      vertex 22.3357 15.8829 3
      vertex 22.31 15.9009 3
    endloop
  endfacet
  facet normal -0.573676 -0.819082 -0
    outer loop
      vertex 22.3357 15.8829 3
      vertex 22.31 15.9009 1
      vertex 22.3357 15.8829 1
    endloop
  endfacet
  facet normal -0.26123 -0.965277 0
    outer loop
      vertex 22.2513 15.9223 1
      vertex 22.2816 15.9141 3
      vertex 22.2513 15.9223 3
    endloop
  endfacet
  facet normal -0.26123 -0.965277 -0
    outer loop
      vertex 22.2816 15.9141 3
      vertex 22.2513 15.9223 1
      vertex 22.2816 15.9141 1
    endloop
  endfacet
  facet normal -0.0859428 0.9963 0
    outer loop
      vertex 22.2513 14.4777 1
      vertex 22.22 14.475 3
      vertex 22.2513 14.4777 3
    endloop
  endfacet
  facet normal -0.0859428 0.9963 0
    outer loop
      vertex 22.22 14.475 3
      vertex 22.2513 14.4777 1
      vertex 22.22 14.475 1
    endloop
  endfacet
  facet normal -0.573676 0.819082 0
    outer loop
      vertex 22.3357 14.5171 1
      vertex 22.31 14.4991 3
      vertex 22.3357 14.5171 3
    endloop
  endfacet
  facet normal -0.573676 0.819082 0
    outer loop
      vertex 22.31 14.4991 3
      vertex 22.3357 14.5171 1
      vertex 22.31 14.4991 1
    endloop
  endfacet
  facet normal -0.965277 0.26123 0
    outer loop
      vertex 22.3891 14.5934 1
      vertex 22.3973 14.6237 3
      vertex 22.3973 14.6237 1
    endloop
  endfacet
  facet normal -0.965277 0.26123 0
    outer loop
      vertex 22.3973 14.6237 3
      vertex 22.3891 14.5934 1
      vertex 22.3891 14.5934 3
    endloop
  endfacet
  facet normal 0.707325 0.706888 0
    outer loop
      vertex 0.0642977 14.5171 3
      vertex 0.0421114 14.5393 1
      vertex 0.0421114 14.5393 3
    endloop
  endfacet
  facet normal 0.707325 0.706888 0
    outer loop
      vertex 0.0421114 14.5393 1
      vertex 0.0642977 14.5171 3
      vertex 0.0642977 14.5171 1
    endloop
  endfacet
  facet normal 0.0860629 0.99629 -0
    outer loop
      vertex 0.179999 14.475 1
      vertex 0.148743 14.4777 3
      vertex 0.179999 14.475 3
    endloop
  endfacet
  facet normal 0.0860629 0.99629 0
    outer loop
      vertex 0.148743 14.4777 3
      vertex 0.179999 14.475 1
      vertex 0.148743 14.4777 1
    endloop
  endfacet
  facet normal 0.261174 0.965292 -0
    outer loop
      vertex 0.148743 14.4777 1
      vertex 0.118436 14.4859 3
      vertex 0.148743 14.4777 3
    endloop
  endfacet
  facet normal 0.261174 0.965292 0
    outer loop
      vertex 0.118436 14.4859 3
      vertex 0.148743 14.4777 1
      vertex 0.118436 14.4859 1
    endloop
  endfacet
  facet normal -0.26123 0.965277 0
    outer loop
      vertex 22.2816 14.4859 1
      vertex 22.2513 14.4777 3
      vertex 22.2816 14.4859 3
    endloop
  endfacet
  facet normal -0.26123 0.965277 0
    outer loop
      vertex 22.2513 14.4777 3
      vertex 22.2816 14.4859 1
      vertex 22.2513 14.4777 1
    endloop
  endfacet
  facet normal -0.819082 0.573676 0
    outer loop
      vertex 22.3579 14.5393 1
      vertex 22.3759 14.565 3
      vertex 22.3759 14.565 1
    endloop
  endfacet
  facet normal -0.819082 0.573676 0
    outer loop
      vertex 22.3759 14.565 3
      vertex 22.3579 14.5393 1
      vertex 22.3579 14.5393 3
    endloop
  endfacet
  facet normal -0.707107 0.707107 0
    outer loop
      vertex 22.3357 14.5171 1
      vertex 22.3579 14.5393 3
      vertex 22.3579 14.5393 1
    endloop
  endfacet
  facet normal -0.707107 0.707107 0
    outer loop
      vertex 22.3579 14.5393 3
      vertex 22.3357 14.5171 1
      vertex 22.3357 14.5171 3
    endloop
  endfacet
  facet normal 0.573654 0.819098 -0
    outer loop
      vertex 0.0899992 14.4991 1
      vertex 0.0642977 14.5171 3
      vertex 0.0899992 14.4991 3
    endloop
  endfacet
  facet normal 0.573654 0.819098 0
    outer loop
      vertex 0.0642977 14.5171 3
      vertex 0.0899992 14.4991 1
      vertex 0.0642977 14.5171 1
    endloop
  endfacet
  facet normal 0.965913 0.258868 0
    outer loop
      vertex 0.0108547 19.6934 3
      vertex 0.00273418 19.7237 1
      vertex 0.00273418 19.7237 3
    endloop
  endfacet
  facet normal 0.965913 0.258868 0
    outer loop
      vertex 0.00273418 19.7237 1
      vertex 0.0108547 19.6934 3
      vertex 0.0108547 19.6934 1
    endloop
  endfacet
  facet normal 0.906103 0.423058 0
    outer loop
      vertex 0.0241146 19.665 3
      vertex 0.0108547 19.6934 1
      vertex 0.0108547 19.6934 3
    endloop
  endfacet
  facet normal 0.906103 0.423058 0
    outer loop
      vertex 0.0108547 19.6934 1
      vertex 0.0241146 19.665 3
      vertex 0.0241146 19.665 1
    endloop
  endfacet
  facet normal 0 1 -0
    outer loop
      vertex 22.22 19.575 1
      vertex 18.725 19.575 3
      vertex 22.22 19.575 3
    endloop
  endfacet
  facet normal 0 1 0
    outer loop
      vertex 18.725 19.575 3
      vertex 22.22 19.575 1
      vertex 18.725 19.575 1
    endloop
  endfacet
  facet normal 0 1 -0
    outer loop
      vertex 8.5 19.575 1
      vertex 0.179999 19.575 3
      vertex 8.5 19.575 3
    endloop
  endfacet
  facet normal 0 1 0
    outer loop
      vertex 0.179999 19.575 3
      vertex 8.5 19.575 1
      vertex 0.179999 19.575 1
    endloop
  endfacet
  facet normal 0 1 -0
    outer loop
      vertex 17.275 19.575 1
      vertex 15.9 19.575 3
      vertex 17.275 19.575 3
    endloop
  endfacet
  facet normal 0 1 0
    outer loop
      vertex 15.9 19.575 3
      vertex 17.275 19.575 1
      vertex 15.9 19.575 1
    endloop
  endfacet
  facet normal 0.965913 -0.258868 0
    outer loop
      vertex 0.00273418 20.8763 3
      vertex 0.0108547 20.9066 1
      vertex 0.0108547 20.9066 3
    endloop
  endfacet
  facet normal 0.965913 -0.258868 0
    outer loop
      vertex 0.0108547 20.9066 1
      vertex 0.00273418 20.8763 3
      vertex 0.00273418 20.8763 1
    endloop
  endfacet
  facet normal 0 -1 0
    outer loop
      vertex 18.725 21.025 1
      vertex 22.22 21.025 3
      vertex 18.725 21.025 3
    endloop
  endfacet
  facet normal 0 -1 -0
    outer loop
      vertex 22.22 21.025 3
      vertex 18.725 21.025 1
      vertex 22.22 21.025 1
    endloop
  endfacet
  facet normal 0 -1 0
    outer loop
      vertex 0.179999 21.025 1
      vertex 4.575 21.025 3
      vertex 0.179999 21.025 3
    endloop
  endfacet
  facet normal 0 -1 -0
    outer loop
      vertex 4.575 21.025 3
      vertex 0.179999 21.025 1
      vertex 4.575 21.025 1
    endloop
  endfacet
  facet normal 0 -1 0
    outer loop
      vertex 15.9 21.025 1
      vertex 17.275 21.025 3
      vertex 15.9 21.025 3
    endloop
  endfacet
  facet normal 0 -1 -0
    outer loop
      vertex 17.275 21.025 3
      vertex 15.9 21.025 1
      vertex 17.275 21.025 1
    endloop
  endfacet
  facet normal 0 -1 0
    outer loop
      vertex 6.025 21.025 1
      vertex 8.5 21.025 3
      vertex 6.025 21.025 3
    endloop
  endfacet
  facet normal 0 -1 -0
    outer loop
      vertex 8.5 21.025 3
      vertex 6.025 21.025 1
      vertex 8.5 21.025 1
    endloop
  endfacet
  facet normal 0.573654 0.819098 -0
    outer loop
      vertex 0.0899992 19.5991 1
      vertex 0.0642977 19.6171 3
      vertex 0.0899992 19.5991 3
    endloop
  endfacet
  facet normal 0.573654 0.819098 0
    outer loop
      vertex 0.0642977 19.6171 3
      vertex 0.0899992 19.5991 1
      vertex 0.0642977 19.6171 1
    endloop
  endfacet
  facet normal 0.707325 0.706888 0
    outer loop
      vertex 0.0642977 19.6171 3
      vertex 0.0421114 19.6393 1
      vertex 0.0421114 19.6393 3
    endloop
  endfacet
  facet normal 0.707325 0.706888 0
    outer loop
      vertex 0.0421114 19.6393 1
      vertex 0.0642977 19.6171 3
      vertex 0.0642977 19.6171 1
    endloop
  endfacet
  facet normal -0.906835 -0.421487 0
    outer loop
      vertex 22.3891 20.9066 1
      vertex 22.3759 20.935 3
      vertex 22.3759 20.935 1
    endloop
  endfacet
  facet normal -0.906835 -0.421487 0
    outer loop
      vertex 22.3759 20.935 3
      vertex 22.3891 20.9066 1
      vertex 22.3891 20.9066 3
    endloop
  endfacet
  facet normal -0.965277 -0.26123 0
    outer loop
      vertex 22.3973 20.8763 1
      vertex 22.3891 20.9066 3
      vertex 22.3891 20.9066 1
    endloop
  endfacet
  facet normal -0.965277 -0.26123 0
    outer loop
      vertex 22.3891 20.9066 3
      vertex 22.3973 20.8763 1
      vertex 22.3973 20.8763 3
    endloop
  endfacet
  facet normal -0.9963 0.0859428 0
    outer loop
      vertex 22.3973 19.7237 1
      vertex 22.4 19.755 3
      vertex 22.4 19.755 1
    endloop
  endfacet
  facet normal -0.9963 0.0859428 0
    outer loop
      vertex 22.4 19.755 3
      vertex 22.3973 19.7237 1
      vertex 22.3973 19.7237 3
    endloop
  endfacet
  facet normal 0.81913 0.573608 0
    outer loop
      vertex 0.0421114 19.6393 3
      vertex 0.0241146 19.665 1
      vertex 0.0241146 19.665 3
    endloop
  endfacet
  facet normal 0.81913 0.573608 0
    outer loop
      vertex 0.0241146 19.665 1
      vertex 0.0421114 19.6393 3
      vertex 0.0421114 19.6393 1
    endloop
  endfacet
  facet normal 0.996206 0.0870226 0
    outer loop
      vertex 0.00273418 19.7237 3
      vertex 0 19.755 1
      vertex 0 19.755 3
    endloop
  endfacet
  facet normal 0.996206 0.0870226 0
    outer loop
      vertex 0 19.755 1
      vertex 0.00273418 19.7237 3
      vertex 0.00273418 19.7237 1
    endloop
  endfacet
  facet normal 0.996206 -0.0870226 0
    outer loop
      vertex 0 20.845 3
      vertex 0.00273418 20.8763 1
      vertex 0.00273418 20.8763 3
    endloop
  endfacet
  facet normal 0.996206 -0.0870226 0
    outer loop
      vertex 0.00273418 20.8763 1
      vertex 0 20.845 3
      vertex 0 20.845 1
    endloop
  endfacet
  facet normal 0.261174 -0.965292 0
    outer loop
      vertex 0.118436 21.0141 1
      vertex 0.148743 21.0223 3
      vertex 0.118436 21.0141 3
    endloop
  endfacet
  facet normal 0.261174 -0.965292 0
    outer loop
      vertex 0.148743 21.0223 3
      vertex 0.118436 21.0141 1
      vertex 0.148743 21.0223 1
    endloop
  endfacet
  facet normal 0.421038 -0.907043 0
    outer loop
      vertex 0.0899992 21.0009 1
      vertex 0.118436 21.0141 3
      vertex 0.0899992 21.0009 3
    endloop
  endfacet
  facet normal 0.421038 -0.907043 0
    outer loop
      vertex 0.118436 21.0141 3
      vertex 0.0899992 21.0009 1
      vertex 0.118436 21.0141 1
    endloop
  endfacet
  facet normal -0.707107 -0.707107 0
    outer loop
      vertex 22.3579 20.9607 1
      vertex 22.3357 20.9829 3
      vertex 22.3357 20.9829 1
    endloop
  endfacet
  facet normal -0.707107 -0.707107 0
    outer loop
      vertex 22.3357 20.9829 3
      vertex 22.3579 20.9607 1
      vertex 22.3579 20.9607 3
    endloop
  endfacet
  facet normal -0.573676 -0.819082 0
    outer loop
      vertex 22.31 21.0009 1
      vertex 22.3357 20.9829 3
      vertex 22.31 21.0009 3
    endloop
  endfacet
  facet normal -0.573676 -0.819082 -0
    outer loop
      vertex 22.3357 20.9829 3
      vertex 22.31 21.0009 1
      vertex 22.3357 20.9829 1
    endloop
  endfacet
  facet normal -0.421487 -0.906835 0
    outer loop
      vertex 22.2816 21.0141 1
      vertex 22.31 21.0009 3
      vertex 22.2816 21.0141 3
    endloop
  endfacet
  facet normal -0.421487 -0.906835 -0
    outer loop
      vertex 22.31 21.0009 3
      vertex 22.2816 21.0141 1
      vertex 22.31 21.0009 1
    endloop
  endfacet
  facet normal -0.9963 -0.0859428 0
    outer loop
      vertex 22.4 20.845 1
      vertex 22.3973 20.8763 3
      vertex 22.3973 20.8763 1
    endloop
  endfacet
  facet normal -0.9963 -0.0859428 0
    outer loop
      vertex 22.3973 20.8763 3
      vertex 22.4 20.845 1
      vertex 22.4 20.845 3
    endloop
  endfacet
  facet normal -0.906835 0.421487 0
    outer loop
      vertex 22.3759 19.665 1
      vertex 22.3891 19.6934 3
      vertex 22.3891 19.6934 1
    endloop
  endfacet
  facet normal -0.906835 0.421487 0
    outer loop
      vertex 22.3891 19.6934 3
      vertex 22.3759 19.665 1
      vertex 22.3759 19.665 3
    endloop
  endfacet
  facet normal -0.421487 0.906835 0
    outer loop
      vertex 22.31 19.5991 1
      vertex 22.2816 19.5859 3
      vertex 22.31 19.5991 3
    endloop
  endfacet
  facet normal -0.421487 0.906835 0
    outer loop
      vertex 22.2816 19.5859 3
      vertex 22.31 19.5991 1
      vertex 22.2816 19.5859 1
    endloop
  endfacet
  facet normal 0.421038 0.907043 -0
    outer loop
      vertex 0.118436 19.5859 1
      vertex 0.0899992 19.5991 3
      vertex 0.118436 19.5859 3
    endloop
  endfacet
  facet normal 0.421038 0.907043 0
    outer loop
      vertex 0.0899992 19.5991 3
      vertex 0.118436 19.5859 1
      vertex 0.0899992 19.5991 1
    endloop
  endfacet
  facet normal 0.906103 -0.423058 0
    outer loop
      vertex 0.0108547 20.9066 3
      vertex 0.0241146 20.935 1
      vertex 0.0241146 20.935 3
    endloop
  endfacet
  facet normal 0.906103 -0.423058 0
    outer loop
      vertex 0.0241146 20.935 1
      vertex 0.0108547 20.9066 3
      vertex 0.0108547 20.9066 1
    endloop
  endfacet
  facet normal 0.81913 -0.573608 0
    outer loop
      vertex 0.0241146 20.935 3
      vertex 0.0421114 20.9607 1
      vertex 0.0421114 20.9607 3
    endloop
  endfacet
  facet normal 0.81913 -0.573608 0
    outer loop
      vertex 0.0421114 20.9607 1
      vertex 0.0241146 20.935 3
      vertex 0.0241146 20.935 1
    endloop
  endfacet
  facet normal 0.707325 -0.706888 0
    outer loop
      vertex 0.0421114 20.9607 3
      vertex 0.0642977 20.9829 1
      vertex 0.0642977 20.9829 3
    endloop
  endfacet
  facet normal 0.707325 -0.706888 0
    outer loop
      vertex 0.0642977 20.9829 1
      vertex 0.0421114 20.9607 3
      vertex 0.0421114 20.9607 1
    endloop
  endfacet
  facet normal 0.0860629 -0.99629 0
    outer loop
      vertex 0.148743 21.0223 1
      vertex 0.179999 21.025 3
      vertex 0.148743 21.0223 3
    endloop
  endfacet
  facet normal 0.0860629 -0.99629 0
    outer loop
      vertex 0.179999 21.025 3
      vertex 0.148743 21.0223 1
      vertex 0.179999 21.025 1
    endloop
  endfacet
  facet normal 0.573654 -0.819098 0
    outer loop
      vertex 0.0642977 20.9829 1
      vertex 0.0899992 21.0009 3
      vertex 0.0642977 20.9829 3
    endloop
  endfacet
  facet normal 0.573654 -0.819098 0
    outer loop
      vertex 0.0899992 21.0009 3
      vertex 0.0642977 20.9829 1
      vertex 0.0899992 21.0009 1
    endloop
  endfacet
  facet normal -0.819082 -0.573676 0
    outer loop
      vertex 22.3759 20.935 1
      vertex 22.3579 20.9607 3
      vertex 22.3579 20.9607 1
    endloop
  endfacet
  facet normal -0.819082 -0.573676 0
    outer loop
      vertex 22.3579 20.9607 3
      vertex 22.3759 20.935 1
      vertex 22.3759 20.935 3
    endloop
  endfacet
  facet normal -0.0859428 -0.9963 0
    outer loop
      vertex 22.22 21.025 1
      vertex 22.2513 21.0223 3
      vertex 22.22 21.025 3
    endloop
  endfacet
  facet normal -0.0859428 -0.9963 -0
    outer loop
      vertex 22.2513 21.0223 3
      vertex 22.22 21.025 1
      vertex 22.2513 21.0223 1
    endloop
  endfacet
  facet normal -0.26123 -0.965277 0
    outer loop
      vertex 22.2513 21.0223 1
      vertex 22.2816 21.0141 3
      vertex 22.2513 21.0223 3
    endloop
  endfacet
  facet normal -0.26123 -0.965277 -0
    outer loop
      vertex 22.2816 21.0141 3
      vertex 22.2513 21.0223 1
      vertex 22.2816 21.0141 1
    endloop
  endfacet
  facet normal -0.0859428 0.9963 0
    outer loop
      vertex 22.2513 19.5777 1
      vertex 22.22 19.575 3
      vertex 22.2513 19.5777 3
    endloop
  endfacet
  facet normal -0.0859428 0.9963 0
    outer loop
      vertex 22.22 19.575 3
      vertex 22.2513 19.5777 1
      vertex 22.22 19.575 1
    endloop
  endfacet
  facet normal -0.573676 0.819082 0
    outer loop
      vertex 22.3357 19.6171 1
      vertex 22.31 19.5991 3
      vertex 22.3357 19.6171 3
    endloop
  endfacet
  facet normal -0.573676 0.819082 0
    outer loop
      vertex 22.31 19.5991 3
      vertex 22.3357 19.6171 1
      vertex 22.31 19.5991 1
    endloop
  endfacet
  facet normal -0.707107 0.707107 0
    outer loop
      vertex 22.3357 19.6171 1
      vertex 22.3579 19.6393 3
      vertex 22.3579 19.6393 1
    endloop
  endfacet
  facet normal -0.707107 0.707107 0
    outer loop
      vertex 22.3579 19.6393 3
      vertex 22.3357 19.6171 1
      vertex 22.3357 19.6171 3
    endloop
  endfacet
  facet normal 0.261174 0.965292 -0
    outer loop
      vertex 0.148743 19.5777 1
      vertex 0.118436 19.5859 3
      vertex 0.148743 19.5777 3
    endloop
  endfacet
  facet normal 0.261174 0.965292 0
    outer loop
      vertex 0.118436 19.5859 3
      vertex 0.148743 19.5777 1
      vertex 0.118436 19.5859 1
    endloop
  endfacet
  facet normal -0.26123 0.965277 0
    outer loop
      vertex 22.2816 19.5859 1
      vertex 22.2513 19.5777 3
      vertex 22.2816 19.5859 3
    endloop
  endfacet
  facet normal -0.26123 0.965277 0
    outer loop
      vertex 22.2513 19.5777 3
      vertex 22.2816 19.5859 1
      vertex 22.2513 19.5777 1
    endloop
  endfacet
  facet normal -0.965277 0.26123 0
    outer loop
      vertex 22.3891 19.6934 1
      vertex 22.3973 19.7237 3
      vertex 22.3973 19.7237 1
    endloop
  endfacet
  facet normal -0.965277 0.26123 0
    outer loop
      vertex 22.3973 19.7237 3
      vertex 22.3891 19.6934 1
      vertex 22.3891 19.6934 3
    endloop
  endfacet
  facet normal -0.819082 0.573676 0
    outer loop
      vertex 22.3579 19.6393 1
      vertex 22.3759 19.665 3
      vertex 22.3759 19.665 1
    endloop
  endfacet
  facet normal -0.819082 0.573676 0
    outer loop
      vertex 22.3759 19.665 3
      vertex 22.3579 19.6393 1
      vertex 22.3579 19.6393 3
    endloop
  endfacet
  facet normal 0.0860629 0.99629 -0
    outer loop
      vertex 0.179999 19.575 1
      vertex 0.148743 19.5777 3
      vertex 0.179999 19.575 3
    endloop
  endfacet
  facet normal 0.0860629 0.99629 0
    outer loop
      vertex 0.148743 19.5777 3
      vertex 0.179999 19.575 1
      vertex 0.148743 19.5777 1
    endloop
  endfacet
  facet normal 0.965913 0.258868 0
    outer loop
      vertex 0.0108547 31.9934 3
      vertex 0.00273418 32.0237 1
      vertex 0.00273418 32.0237 3
    endloop
  endfacet
  facet normal 0.965913 0.258868 0
    outer loop
      vertex 0.00273418 32.0237 1
      vertex 0.0108547 31.9934 3
      vertex 0.0108547 31.9934 1
    endloop
  endfacet
  facet normal 0.906103 0.423058 0
    outer loop
      vertex 0.0241146 31.965 3
      vertex 0.0108547 31.9934 1
      vertex 0.0108547 31.9934 3
    endloop
  endfacet
  facet normal 0.906103 0.423058 0
    outer loop
      vertex 0.0108547 31.9934 1
      vertex 0.0241146 31.965 3
      vertex 0.0241146 31.965 1
    endloop
  endfacet
  facet normal -0.707107 0.707107 0
    outer loop
      vertex 22.3357 31.9171 1
      vertex 22.3579 31.9393 3
      vertex 22.3579 31.9393 1
    endloop
  endfacet
  facet normal -0.707107 0.707107 0
    outer loop
      vertex 22.3579 31.9393 3
      vertex 22.3357 31.9171 1
      vertex 22.3357 31.9171 3
    endloop
  endfacet
  facet normal 0 1 -0
    outer loop
      vertex 22.22 31.875 1
      vertex 18.725 31.875 3
      vertex 22.22 31.875 3
    endloop
  endfacet
  facet normal 0 1 0
    outer loop
      vertex 18.725 31.875 3
      vertex 22.22 31.875 1
      vertex 18.725 31.875 1
    endloop
  endfacet
  facet normal 0 1 -0
    outer loop
      vertex 3.85 31.875 1
      vertex 0.179999 31.875 3
      vertex 3.85 31.875 3
    endloop
  endfacet
  facet normal 0 1 0
    outer loop
      vertex 0.179999 31.875 3
      vertex 3.85 31.875 1
      vertex 0.179999 31.875 1
    endloop
  endfacet
  facet normal 0 1 -0
    outer loop
      vertex 17.275 31.875 1
      vertex 15.2 31.875 3
      vertex 17.275 31.875 3
    endloop
  endfacet
  facet normal 0 1 0
    outer loop
      vertex 15.2 31.875 3
      vertex 17.275 31.875 1
      vertex 15.2 31.875 1
    endloop
  endfacet
  facet normal 0 1 -0
    outer loop
      vertex 9.375 31.875 1
      vertex 6.75 31.875 3
      vertex 9.375 31.875 3
    endloop
  endfacet
  facet normal 0 1 0
    outer loop
      vertex 6.75 31.875 3
      vertex 9.375 31.875 1
      vertex 6.75 31.875 1
    endloop
  endfacet
  facet normal -0.9963 -0.0859428 0
    outer loop
      vertex 22.4 33.145 1
      vertex 22.3973 33.1763 3
      vertex 22.3973 33.1763 1
    endloop
  endfacet
  facet normal -0.9963 -0.0859428 0
    outer loop
      vertex 22.3973 33.1763 3
      vertex 22.4 33.145 1
      vertex 22.4 33.145 3
    endloop
  endfacet
  facet normal 0.965913 -0.258868 0
    outer loop
      vertex 0.00273418 33.1763 3
      vertex 0.0108547 33.2066 1
      vertex 0.0108547 33.2066 3
    endloop
  endfacet
  facet normal 0.965913 -0.258868 0
    outer loop
      vertex 0.0108547 33.2066 1
      vertex 0.00273418 33.1763 3
      vertex 0.00273418 33.1763 1
    endloop
  endfacet
  facet normal 0 -1 0
    outer loop
      vertex 0.179999 33.325 1
      vertex 22.22 33.325 3
      vertex 0.179999 33.325 3
    endloop
  endfacet
  facet normal 0 -1 -0
    outer loop
      vertex 22.22 33.325 3
      vertex 0.179999 33.325 1
      vertex 22.22 33.325 1
    endloop
  endfacet
  facet normal 0.996206 -0.0870226 0
    outer loop
      vertex 0 33.145 3
      vertex 0.00273418 33.1763 1
      vertex 0.00273418 33.1763 3
    endloop
  endfacet
  facet normal 0.996206 -0.0870226 0
    outer loop
      vertex 0.00273418 33.1763 1
      vertex 0 33.145 3
      vertex 0 33.145 1
    endloop
  endfacet
  facet normal -0.965277 -0.26123 0
    outer loop
      vertex 22.3973 33.1763 1
      vertex 22.3891 33.2066 3
      vertex 22.3891 33.2066 1
    endloop
  endfacet
  facet normal -0.965277 -0.26123 0
    outer loop
      vertex 22.3891 33.2066 3
      vertex 22.3973 33.1763 1
      vertex 22.3973 33.1763 3
    endloop
  endfacet
  facet normal -0.9963 0.0859428 0
    outer loop
      vertex 22.3973 32.0237 1
      vertex 22.4 32.055 3
      vertex 22.4 32.055 1
    endloop
  endfacet
  facet normal -0.9963 0.0859428 0
    outer loop
      vertex 22.4 32.055 3
      vertex 22.3973 32.0237 1
      vertex 22.3973 32.0237 3
    endloop
  endfacet
  facet normal 0.81913 0.573608 0
    outer loop
      vertex 0.0421114 31.9393 3
      vertex 0.0241146 31.965 1
      vertex 0.0241146 31.965 3
    endloop
  endfacet
  facet normal 0.81913 0.573608 0
    outer loop
      vertex 0.0241146 31.965 1
      vertex 0.0421114 31.9393 3
      vertex 0.0421114 31.9393 1
    endloop
  endfacet
  facet normal 0.996206 0.0870226 0
    outer loop
      vertex 0.00273418 32.0237 3
      vertex 0 32.055 1
      vertex 0 32.055 3
    endloop
  endfacet
  facet normal 0.996206 0.0870226 0
    outer loop
      vertex 0 32.055 1
      vertex 0.00273418 32.0237 3
      vertex 0.00273418 32.0237 1
    endloop
  endfacet
  facet normal 0.0860629 -0.99629 0
    outer loop
      vertex 0.148743 33.3223 1
      vertex 0.179999 33.325 3
      vertex 0.148743 33.3223 3
    endloop
  endfacet
  facet normal 0.0860629 -0.99629 0
    outer loop
      vertex 0.179999 33.325 3
      vertex 0.148743 33.3223 1
      vertex 0.179999 33.325 1
    endloop
  endfacet
  facet normal 0.573654 -0.819098 0
    outer loop
      vertex 0.0642977 33.2829 1
      vertex 0.0899992 33.3009 3
      vertex 0.0642977 33.2829 3
    endloop
  endfacet
  facet normal 0.573654 -0.819098 0
    outer loop
      vertex 0.0899992 33.3009 3
      vertex 0.0642977 33.2829 1
      vertex 0.0899992 33.3009 1
    endloop
  endfacet
  facet normal -0.573676 -0.819082 0
    outer loop
      vertex 22.31 33.3009 1
      vertex 22.3357 33.2829 3
      vertex 22.31 33.3009 3
    endloop
  endfacet
  facet normal -0.573676 -0.819082 -0
    outer loop
      vertex 22.3357 33.2829 3
      vertex 22.31 33.3009 1
      vertex 22.3357 33.2829 1
    endloop
  endfacet
  facet normal -0.421487 -0.906835 0
    outer loop
      vertex 22.2816 33.3141 1
      vertex 22.31 33.3009 3
      vertex 22.2816 33.3141 3
    endloop
  endfacet
  facet normal -0.421487 -0.906835 -0
    outer loop
      vertex 22.31 33.3009 3
      vertex 22.2816 33.3141 1
      vertex 22.31 33.3009 1
    endloop
  endfacet
  facet normal -0.0859428 -0.9963 0
    outer loop
      vertex 22.22 33.325 1
      vertex 22.2513 33.3223 3
      vertex 22.22 33.325 3
    endloop
  endfacet
  facet normal -0.0859428 -0.9963 -0
    outer loop
      vertex 22.2513 33.3223 3
      vertex 22.22 33.325 1
      vertex 22.2513 33.3223 1
    endloop
  endfacet
  facet normal -0.421487 0.906835 0
    outer loop
      vertex 22.31 31.8991 1
      vertex 22.2816 31.8859 3
      vertex 22.31 31.8991 3
    endloop
  endfacet
  facet normal -0.421487 0.906835 0
    outer loop
      vertex 22.2816 31.8859 3
      vertex 22.31 31.8991 1
      vertex 22.2816 31.8859 1
    endloop
  endfacet
  facet normal -0.906835 0.421487 0
    outer loop
      vertex 22.3759 31.965 1
      vertex 22.3891 31.9934 3
      vertex 22.3891 31.9934 1
    endloop
  endfacet
  facet normal -0.906835 0.421487 0
    outer loop
      vertex 22.3891 31.9934 3
      vertex 22.3759 31.965 1
      vertex 22.3759 31.965 3
    endloop
  endfacet
  facet normal 0.906103 -0.423058 0
    outer loop
      vertex 0.0108547 33.2066 3
      vertex 0.0241146 33.235 1
      vertex 0.0241146 33.235 3
    endloop
  endfacet
  facet normal 0.906103 -0.423058 0
    outer loop
      vertex 0.0241146 33.235 1
      vertex 0.0108547 33.2066 3
      vertex 0.0108547 33.2066 1
    endloop
  endfacet
  facet normal 0.81913 -0.573608 0
    outer loop
      vertex 0.0241146 33.235 3
      vertex 0.0421114 33.2607 1
      vertex 0.0421114 33.2607 3
    endloop
  endfacet
  facet normal 0.81913 -0.573608 0
    outer loop
      vertex 0.0421114 33.2607 1
      vertex 0.0241146 33.235 3
      vertex 0.0241146 33.235 1
    endloop
  endfacet
  facet normal 0.707325 -0.706888 0
    outer loop
      vertex 0.0421114 33.2607 3
      vertex 0.0642977 33.2829 1
      vertex 0.0642977 33.2829 3
    endloop
  endfacet
  facet normal 0.707325 -0.706888 0
    outer loop
      vertex 0.0642977 33.2829 1
      vertex 0.0421114 33.2607 3
      vertex 0.0421114 33.2607 1
    endloop
  endfacet
  facet normal 0.261174 -0.965292 0
    outer loop
      vertex 0.118436 33.3141 1
      vertex 0.148743 33.3223 3
      vertex 0.118436 33.3141 3
    endloop
  endfacet
  facet normal 0.261174 -0.965292 0
    outer loop
      vertex 0.148743 33.3223 3
      vertex 0.118436 33.3141 1
      vertex 0.148743 33.3223 1
    endloop
  endfacet
  facet normal 0.421038 -0.907043 0
    outer loop
      vertex 0.0899992 33.3009 1
      vertex 0.118436 33.3141 3
      vertex 0.0899992 33.3009 3
    endloop
  endfacet
  facet normal 0.421038 -0.907043 0
    outer loop
      vertex 0.118436 33.3141 3
      vertex 0.0899992 33.3009 1
      vertex 0.118436 33.3141 1
    endloop
  endfacet
  facet normal -0.819082 -0.573676 0
    outer loop
      vertex 22.3759 33.235 1
      vertex 22.3579 33.2607 3
      vertex 22.3579 33.2607 1
    endloop
  endfacet
  facet normal -0.819082 -0.573676 0
    outer loop
      vertex 22.3579 33.2607 3
      vertex 22.3759 33.235 1
      vertex 22.3759 33.235 3
    endloop
  endfacet
  facet normal -0.906835 -0.421487 0
    outer loop
      vertex 22.3891 33.2066 1
      vertex 22.3759 33.235 3
      vertex 22.3759 33.235 1
    endloop
  endfacet
  facet normal -0.906835 -0.421487 0
    outer loop
      vertex 22.3759 33.235 3
      vertex 22.3891 33.2066 1
      vertex 22.3891 33.2066 3
    endloop
  endfacet
  facet normal -0.707107 -0.707107 0
    outer loop
      vertex 22.3579 33.2607 1
      vertex 22.3357 33.2829 3
      vertex 22.3357 33.2829 1
    endloop
  endfacet
  facet normal -0.707107 -0.707107 0
    outer loop
      vertex 22.3357 33.2829 3
      vertex 22.3579 33.2607 1
      vertex 22.3579 33.2607 3
    endloop
  endfacet
  facet normal -0.26123 -0.965277 0
    outer loop
      vertex 22.2513 33.3223 1
      vertex 22.2816 33.3141 3
      vertex 22.2513 33.3223 3
    endloop
  endfacet
  facet normal -0.26123 -0.965277 -0
    outer loop
      vertex 22.2816 33.3141 3
      vertex 22.2513 33.3223 1
      vertex 22.2816 33.3141 1
    endloop
  endfacet
  facet normal -0.573676 0.819082 0
    outer loop
      vertex 22.3357 31.9171 1
      vertex 22.31 31.8991 3
      vertex 22.3357 31.9171 3
    endloop
  endfacet
  facet normal -0.573676 0.819082 0
    outer loop
      vertex 22.31 31.8991 3
      vertex 22.3357 31.9171 1
      vertex 22.31 31.8991 1
    endloop
  endfacet
  facet normal -0.965277 0.26123 0
    outer loop
      vertex 22.3891 31.9934 1
      vertex 22.3973 32.0237 3
      vertex 22.3973 32.0237 1
    endloop
  endfacet
  facet normal -0.965277 0.26123 0
    outer loop
      vertex 22.3973 32.0237 3
      vertex 22.3891 31.9934 1
      vertex 22.3891 31.9934 3
    endloop
  endfacet
  facet normal 0.707325 0.706888 0
    outer loop
      vertex 0.0642977 31.9171 3
      vertex 0.0421114 31.9393 1
      vertex 0.0421114 31.9393 3
    endloop
  endfacet
  facet normal 0.707325 0.706888 0
    outer loop
      vertex 0.0421114 31.9393 1
      vertex 0.0642977 31.9171 3
      vertex 0.0642977 31.9171 1
    endloop
  endfacet
  facet normal 0.0860629 0.99629 -0
    outer loop
      vertex 0.179999 31.875 1
      vertex 0.148743 31.8777 3
      vertex 0.179999 31.875 3
    endloop
  endfacet
  facet normal 0.0860629 0.99629 0
    outer loop
      vertex 0.148743 31.8777 3
      vertex 0.179999 31.875 1
      vertex 0.148743 31.8777 1
    endloop
  endfacet
  facet normal -0.26123 0.965277 0
    outer loop
      vertex 22.2816 31.8859 1
      vertex 22.2513 31.8777 3
      vertex 22.2816 31.8859 3
    endloop
  endfacet
  facet normal -0.26123 0.965277 0
    outer loop
      vertex 22.2513 31.8777 3
      vertex 22.2816 31.8859 1
      vertex 22.2513 31.8777 1
    endloop
  endfacet
  facet normal -0.0859428 0.9963 0
    outer loop
      vertex 22.2513 31.8777 1
      vertex 22.22 31.875 3
      vertex 22.2513 31.8777 3
    endloop
  endfacet
  facet normal -0.0859428 0.9963 0
    outer loop
      vertex 22.22 31.875 3
      vertex 22.2513 31.8777 1
      vertex 22.22 31.875 1
    endloop
  endfacet
  facet normal -0.819082 0.573676 0
    outer loop
      vertex 22.3579 31.9393 1
      vertex 22.3759 31.965 3
      vertex 22.3759 31.965 1
    endloop
  endfacet
  facet normal -0.819082 0.573676 0
    outer loop
      vertex 22.3759 31.965 3
      vertex 22.3579 31.9393 1
      vertex 22.3579 31.9393 3
    endloop
  endfacet
  facet normal 0.573654 0.819098 -0
    outer loop
      vertex 0.0899992 31.8991 1
      vertex 0.0642977 31.9171 3
      vertex 0.0899992 31.8991 3
    endloop
  endfacet
  facet normal 0.573654 0.819098 0
    outer loop
      vertex 0.0642977 31.9171 3
      vertex 0.0899992 31.8991 1
      vertex 0.0642977 31.9171 1
    endloop
  endfacet
  facet normal 0.261174 0.965292 -0
    outer loop
      vertex 0.148743 31.8777 1
      vertex 0.118436 31.8859 3
      vertex 0.148743 31.8777 3
    endloop
  endfacet
  facet normal 0.261174 0.965292 0
    outer loop
      vertex 0.118436 31.8859 3
      vertex 0.148743 31.8777 1
      vertex 0.118436 31.8859 1
    endloop
  endfacet
  facet normal 0.421038 0.907043 -0
    outer loop
      vertex 0.118436 31.8859 1
      vertex 0.0899992 31.8991 3
      vertex 0.118436 31.8859 3
    endloop
  endfacet
  facet normal 0.421038 0.907043 0
    outer loop
      vertex 0.0899992 31.8991 3
      vertex 0.118436 31.8859 1
      vertex 0.0899992 31.8991 1
    endloop
  endfacet
  facet normal -1 0 0
    outer loop
      vertex 18.725 2.525 1
      vertex 18.725 14.475 3
      vertex 18.725 14.475 1
    endloop
  endfacet
  facet normal -1 -0 0
    outer loop
      vertex 18.725 14.475 3
      vertex 18.725 2.525 1
      vertex 18.725 2.525 3
    endloop
  endfacet
  facet normal -1 0 0
    outer loop
      vertex 18.725 15.925 1
      vertex 18.725 19.575 3
      vertex 18.725 19.575 1
    endloop
  endfacet
  facet normal -1 -0 0
    outer loop
      vertex 18.725 19.575 3
      vertex 18.725 15.925 1
      vertex 18.725 15.925 3
    endloop
  endfacet
  facet normal -1 0 0
    outer loop
      vertex 18.725 21.025 1
      vertex 18.725 31.875 3
      vertex 18.725 31.875 1
    endloop
  endfacet
  facet normal -1 -0 0
    outer loop
      vertex 18.725 31.875 3
      vertex 18.725 21.025 1
      vertex 18.725 21.025 3
    endloop
  endfacet
  facet normal 1 -0 0
    outer loop
      vertex 17.275 2.525 3
      vertex 17.275 14.475 1
      vertex 17.275 14.475 3
    endloop
  endfacet
  facet normal 1 0 0
    outer loop
      vertex 17.275 14.475 1
      vertex 17.275 2.525 3
      vertex 17.275 2.525 1
    endloop
  endfacet
  facet normal 1 -0 0
    outer loop
      vertex 17.275 15.925 3
      vertex 17.275 19.575 1
      vertex 17.275 19.575 3
    endloop
  endfacet
  facet normal 1 0 0
    outer loop
      vertex 17.275 19.575 1
      vertex 17.275 15.925 3
      vertex 17.275 15.925 1
    endloop
  endfacet
  facet normal 1 -0 0
    outer loop
      vertex 17.275 21.025 3
      vertex 17.275 31.875 1
      vertex 17.275 31.875 3
    endloop
  endfacet
  facet normal 1 0 0
    outer loop
      vertex 17.275 31.875 1
      vertex 17.275 21.025 3
      vertex 17.275 21.025 1
    endloop
  endfacet
  facet normal -1 0 0
    outer loop
      vertex 6.025 21.025 1
      vertex 6.025 24.275 3
      vertex 6.025 24.275 1
    endloop
  endfacet
  facet normal -1 -0 0
    outer loop
      vertex 6.025 24.275 3
      vertex 6.025 21.025 1
      vertex 6.025 21.025 3
    endloop
  endfacet
  facet normal 1 -0 0
    outer loop
      vertex 4.575 21.025 3
      vertex 4.575 25.7 1
      vertex 4.575 25.7 3
    endloop
  endfacet
  facet normal 1 0 0
    outer loop
      vertex 4.575 25.7 1
      vertex 4.575 21.025 3
      vertex 4.575 21.025 1
    endloop
  endfacet
  facet normal 0 1 -0
    outer loop
      vertex 13.02 24.275 1
      vertex 6.025 24.275 3
      vertex 13.02 24.275 3
    endloop
  endfacet
  facet normal 0 1 0
    outer loop
      vertex 6.025 24.275 3
      vertex 13.02 24.275 1
      vertex 6.025 24.275 1
    endloop
  endfacet
  facet normal -0.0859428 0.9963 0
    outer loop
      vertex 13.0513 24.2777 1
      vertex 13.02 24.275 3
      vertex 13.0513 24.2777 3
    endloop
  endfacet
  facet normal -0.0859428 0.9963 0
    outer loop
      vertex 13.02 24.275 3
      vertex 13.0513 24.2777 1
      vertex 13.02 24.275 1
    endloop
  endfacet
  facet normal 0 -1 0
    outer loop
      vertex 6.52805 25.725 1
      vertex 9.375 25.725 3
      vertex 6.52805 25.725 3
    endloop
  endfacet
  facet normal 0 -1 -0
    outer loop
      vertex 9.375 25.725 3
      vertex 6.52805 25.725 1
      vertex 9.375 25.725 1
    endloop
  endfacet
  facet normal 0 -1 0
    outer loop
      vertex 10.825 25.725 1
      vertex 11.0219 25.725 3
      vertex 10.825 25.725 3
    endloop
  endfacet
  facet normal 0 -1 -0
    outer loop
      vertex 11.0219 25.725 3
      vertex 10.825 25.725 1
      vertex 11.0219 25.725 1
    endloop
  endfacet
  facet normal -0.9963 0.0859428 0
    outer loop
      vertex 13.1973 24.4237 1
      vertex 13.2 24.455 3
      vertex 13.2 24.455 1
    endloop
  endfacet
  facet normal -0.9963 0.0859428 0
    outer loop
      vertex 13.2 24.455 3
      vertex 13.1973 24.4237 1
      vertex 13.1973 24.4237 3
    endloop
  endfacet
  facet normal -0.965277 0.26123 0
    outer loop
      vertex 13.1891 24.3934 1
      vertex 13.1973 24.4237 3
      vertex 13.1973 24.4237 1
    endloop
  endfacet
  facet normal -0.965277 0.26123 0
    outer loop
      vertex 13.1973 24.4237 3
      vertex 13.1891 24.3934 1
      vertex 13.1891 24.3934 3
    endloop
  endfacet
  facet normal -0.819082 0.573676 0
    outer loop
      vertex 13.1579 24.3393 1
      vertex 13.1759 24.365 3
      vertex 13.1759 24.365 1
    endloop
  endfacet
  facet normal -0.819082 0.573676 0
    outer loop
      vertex 13.1759 24.365 3
      vertex 13.1579 24.3393 1
      vertex 13.1579 24.3393 3
    endloop
  endfacet
  facet normal -1 0 0
    outer loop
      vertex 13.2 24.455 1
      vertex 13.2 24.8 3
      vertex 13.2 24.8 1
    endloop
  endfacet
  facet normal -1 -0 0
    outer loop
      vertex 13.2 24.8 3
      vertex 13.2 24.455 1
      vertex 13.2 24.455 3
    endloop
  endfacet
  facet normal -0.26123 0.965277 0
    outer loop
      vertex 13.0816 24.2859 1
      vertex 13.0513 24.2777 3
      vertex 13.0816 24.2859 3
    endloop
  endfacet
  facet normal -0.26123 0.965277 0
    outer loop
      vertex 13.0513 24.2777 3
      vertex 13.0816 24.2859 1
      vertex 13.0513 24.2777 1
    endloop
  endfacet
  facet normal -0.573676 0.819082 0
    outer loop
      vertex 13.1357 24.3171 1
      vertex 13.11 24.2991 3
      vertex 13.1357 24.3171 3
    endloop
  endfacet
  facet normal -0.573676 0.819082 0
    outer loop
      vertex 13.11 24.2991 3
      vertex 13.1357 24.3171 1
      vertex 13.11 24.2991 1
    endloop
  endfacet
  facet normal -0.707107 0.707107 0
    outer loop
      vertex 13.1357 24.3171 1
      vertex 13.1579 24.3393 3
      vertex 13.1579 24.3393 1
    endloop
  endfacet
  facet normal -0.707107 0.707107 0
    outer loop
      vertex 13.1579 24.3393 3
      vertex 13.1357 24.3171 1
      vertex 13.1357 24.3171 3
    endloop
  endfacet
  facet normal -0.421487 0.906835 0
    outer loop
      vertex 13.11 24.2991 1
      vertex 13.0816 24.2859 3
      vertex 13.11 24.2991 3
    endloop
  endfacet
  facet normal -0.421487 0.906835 0
    outer loop
      vertex 13.0816 24.2859 3
      vertex 13.11 24.2991 1
      vertex 13.0816 24.2859 1
    endloop
  endfacet
  facet normal -0.906835 0.421487 0
    outer loop
      vertex 13.1759 24.365 1
      vertex 13.1891 24.3934 3
      vertex 13.1891 24.3934 1
    endloop
  endfacet
  facet normal -0.906835 0.421487 0
    outer loop
      vertex 13.1891 24.3934 3
      vertex 13.1759 24.365 1
      vertex 13.1759 24.365 3
    endloop
  endfacet
  facet normal -1 0 0
    outer loop
      vertex 10.825 25.725 1
      vertex 10.825 25.9219 3
      vertex 10.825 25.9219 1
    endloop
  endfacet
  facet normal -1 -0 0
    outer loop
      vertex 10.825 25.9219 3
      vertex 10.825 25.725 1
      vertex 10.825 25.725 3
    endloop
  endfacet
  facet normal 1 -0 0
    outer loop
      vertex 9.375 25.725 3
      vertex 9.375 31.875 1
      vertex 9.375 31.875 3
    endloop
  endfacet
  facet normal 1 0 0
    outer loop
      vertex 9.375 31.875 1
      vertex 9.375 25.725 3
      vertex 9.375 25.725 1
    endloop
  endfacet
  facet normal 0 1 -0
    outer loop
      vertex 13.545 24.8 1
      vertex 13.2 24.8 3
      vertex 13.545 24.8 3
    endloop
  endfacet
  facet normal 0 1 0
    outer loop
      vertex 13.2 24.8 3
      vertex 13.545 24.8 1
      vertex 13.2 24.8 1
    endloop
  endfacet
  facet normal -0.9963 0.0859428 0
    outer loop
      vertex 13.7223 24.9487 1
      vertex 13.725 24.98 3
      vertex 13.725 24.98 1
    endloop
  endfacet
  facet normal -0.9963 0.0859428 0
    outer loop
      vertex 13.725 24.98 3
      vertex 13.7223 24.9487 1
      vertex 13.7223 24.9487 3
    endloop
  endfacet
  facet normal -0.707107 0.707107 0
    outer loop
      vertex 13.6607 24.8421 1
      vertex 13.6829 24.8643 3
      vertex 13.6829 24.8643 1
    endloop
  endfacet
  facet normal -0.707107 0.707107 0
    outer loop
      vertex 13.6829 24.8643 3
      vertex 13.6607 24.8421 1
      vertex 13.6607 24.8421 3
    endloop
  endfacet
  facet normal -1 0 0
    outer loop
      vertex 13.725 24.98 1
      vertex 13.725 25.7 3
      vertex 13.725 25.7 1
    endloop
  endfacet
  facet normal -1 -0 0
    outer loop
      vertex 13.725 25.7 3
      vertex 13.725 24.98 1
      vertex 13.725 24.98 3
    endloop
  endfacet
  facet normal -0.421487 0.906835 0
    outer loop
      vertex 13.635 24.8241 1
      vertex 13.6066 24.8109 3
      vertex 13.635 24.8241 3
    endloop
  endfacet
  facet normal -0.421487 0.906835 0
    outer loop
      vertex 13.6066 24.8109 3
      vertex 13.635 24.8241 1
      vertex 13.6066 24.8109 1
    endloop
  endfacet
  facet normal -0.819082 0.573676 0
    outer loop
      vertex 13.6829 24.8643 1
      vertex 13.7009 24.89 3
      vertex 13.7009 24.89 1
    endloop
  endfacet
  facet normal -0.819082 0.573676 0
    outer loop
      vertex 13.7009 24.89 3
      vertex 13.6829 24.8643 1
      vertex 13.6829 24.8643 3
    endloop
  endfacet
  facet normal -0.906835 0.421487 0
    outer loop
      vertex 13.7009 24.89 1
      vertex 13.7141 24.9184 3
      vertex 13.7141 24.9184 1
    endloop
  endfacet
  facet normal -0.906835 0.421487 0
    outer loop
      vertex 13.7141 24.9184 3
      vertex 13.7009 24.89 1
      vertex 13.7009 24.89 3
    endloop
  endfacet
  facet normal -0.26123 0.965277 0
    outer loop
      vertex 13.6066 24.8109 1
      vertex 13.5763 24.8027 3
      vertex 13.6066 24.8109 3
    endloop
  endfacet
  facet normal -0.26123 0.965277 0
    outer loop
      vertex 13.5763 24.8027 3
      vertex 13.6066 24.8109 1
      vertex 13.5763 24.8027 1
    endloop
  endfacet
  facet normal -0.0859428 0.9963 0
    outer loop
      vertex 13.5763 24.8027 1
      vertex 13.545 24.8 3
      vertex 13.5763 24.8027 3
    endloop
  endfacet
  facet normal -0.0859428 0.9963 0
    outer loop
      vertex 13.545 24.8 3
      vertex 13.5763 24.8027 1
      vertex 13.545 24.8 1
    endloop
  endfacet
  facet normal -0.573676 0.819082 0
    outer loop
      vertex 13.6607 24.8421 1
      vertex 13.635 24.8241 3
      vertex 13.6607 24.8421 3
    endloop
  endfacet
  facet normal -0.573676 0.819082 0
    outer loop
      vertex 13.635 24.8241 3
      vertex 13.6607 24.8421 1
      vertex 13.635 24.8241 1
    endloop
  endfacet
  facet normal -0.965277 0.26123 0
    outer loop
      vertex 13.7141 24.9184 1
      vertex 13.7223 24.9487 3
      vertex 13.7223 24.9487 1
    endloop
  endfacet
  facet normal -0.965277 0.26123 0
    outer loop
      vertex 13.7223 24.9487 3
      vertex 13.7141 24.9184 1
      vertex 13.7141 24.9184 3
    endloop
  endfacet
  facet normal 0.965927 0.258815 0
    outer loop
      vertex 5.02111 5.03029 3
      vertex 5.00532 5.08922 1
      vertex 5.00532 5.08922 3
    endloop
  endfacet
  facet normal 0.965927 0.258815 0
    outer loop
      vertex 5.00532 5.08922 1
      vertex 5.02111 5.03029 3
      vertex 5.02111 5.03029 1
    endloop
  endfacet
  facet normal 0.906321 0.422589 0
    outer loop
      vertex 5.04689 4.975 3
      vertex 5.02111 5.03029 1
      vertex 5.02111 5.03029 3
    endloop
  endfacet
  facet normal 0.906321 0.422589 0
    outer loop
      vertex 5.02111 5.03029 1
      vertex 5.04689 4.975 3
      vertex 5.04689 4.975 1
    endloop
  endfacet
  facet normal 0 0 1
    outer loop
      vertex 16.05 10.2 1
      vertex 16.4 9.85 1
      vertex 16.3947 9.91078 1
    endloop
  endfacet
  facet normal 0 0 1
    outer loop
      vertex 16.4 9.85 1
      vertex 16.05 10.2 1
      vertex 16.4 5.15 1
    endloop
  endfacet
  facet normal 0 0 1
    outer loop
      vertex 16.05 10.2 1
      vertex 16.3947 9.91078 1
      vertex 16.3789 9.96971 1
    endloop
  endfacet
  facet normal 0 0 1
    outer loop
      vertex 16.05 4.8 1
      vertex 16.4 5.15 1
      vertex 16.05 10.2 1
    endloop
  endfacet
  facet normal 0 0 1
    outer loop
      vertex 16.05 10.2 1
      vertex 16.3789 9.96971 1
      vertex 16.3531 10.025 1
    endloop
  endfacet
  facet normal 0 0 1
    outer loop
      vertex 16.4 5.15 1
      vertex 16.05 4.8 1
      vertex 16.3947 5.08922 1
    endloop
  endfacet
  facet normal 0 0 1
    outer loop
      vertex 16.05 10.2 1
      vertex 16.3531 10.025 1
      vertex 16.3181 10.075 1
    endloop
  endfacet
  facet normal 0 0 1
    outer loop
      vertex 16.3947 5.08922 1
      vertex 16.05 4.8 1
      vertex 16.3789 5.03029 1
    endloop
  endfacet
  facet normal 0 0 1
    outer loop
      vertex 16.05 10.2 1
      vertex 16.3181 10.075 1
      vertex 16.275 10.1181 1
    endloop
  endfacet
  facet normal 0 0 1
    outer loop
      vertex 16.3789 5.03029 1
      vertex 16.05 4.8 1
      vertex 16.3531 4.975 1
    endloop
  endfacet
  facet normal 0 0 1
    outer loop
      vertex 16.05 10.2 1
      vertex 16.275 10.1181 1
      vertex 16.225 10.1531 1
    endloop
  endfacet
  facet normal 0 0 1
    outer loop
      vertex 16.3531 4.975 1
      vertex 16.05 4.8 1
      vertex 16.3181 4.92502 1
    endloop
  endfacet
  facet normal 0 0 1
    outer loop
      vertex 16.05 10.2 1
      vertex 16.225 10.1531 1
      vertex 16.1697 10.1789 1
    endloop
  endfacet
  facet normal 0 0 1
    outer loop
      vertex 16.3181 4.92502 1
      vertex 16.05 4.8 1
      vertex 16.275 4.88188 1
    endloop
  endfacet
  facet normal 0 0 1
    outer loop
      vertex 16.05 10.2 1
      vertex 16.1697 10.1789 1
      vertex 16.1108 10.1947 1
    endloop
  endfacet
  facet normal 0 0 1
    outer loop
      vertex 16.275 4.88188 1
      vertex 16.05 4.8 1
      vertex 16.225 4.84689 1
    endloop
  endfacet
  facet normal 0 0 1
    outer loop
      vertex 16.225 4.84689 1
      vertex 16.05 4.8 1
      vertex 16.1697 4.82111 1
    endloop
  endfacet
  facet normal 0 0 1
    outer loop
      vertex 16.1697 4.82111 1
      vertex 16.05 4.8 1
      vertex 16.1108 4.80532 1
    endloop
  endfacet
  facet normal -0 0 1
    outer loop
      vertex 5.35 10.2 1
      vertex 16.05 4.8 1
      vertex 16.05 10.2 1
    endloop
  endfacet
  facet normal 0 0 1
    outer loop
      vertex 5.35 10.2 1
      vertex 5.35 4.8 1
      vertex 16.05 4.8 1
    endloop
  endfacet
  facet normal 0 0 1
    outer loop
      vertex 5 9.85 1
      vertex 5.35 10.2 1
      vertex 5.28922 10.1947 1
    endloop
  endfacet
  facet normal 0 0 1
    outer loop
      vertex 5.35 10.2 1
      vertex 5 9.85 1
      vertex 5.35 4.8 1
    endloop
  endfacet
  facet normal 0 0 1
    outer loop
      vertex 5 9.85 1
      vertex 5.28922 10.1947 1
      vertex 5.23029 10.1789 1
    endloop
  endfacet
  facet normal -0 0 1
    outer loop
      vertex 5 5.15 1
      vertex 5.35 4.8 1
      vertex 5 9.85 1
    endloop
  endfacet
  facet normal 0 0 1
    outer loop
      vertex 5 9.85 1
      vertex 5.23029 10.1789 1
      vertex 5.175 10.1531 1
    endloop
  endfacet
  facet normal 0 0 1
    outer loop
      vertex 5.35 4.8 1
      vertex 5 5.15 1
      vertex 5.28922 4.80532 1
    endloop
  endfacet
  facet normal 0 0 1
    outer loop
      vertex 5 9.85 1
      vertex 5.175 10.1531 1
      vertex 5.12502 10.1181 1
    endloop
  endfacet
  facet normal 0 0 1
    outer loop
      vertex 5.28922 4.80532 1
      vertex 5 5.15 1
      vertex 5.23029 4.82111 1
    endloop
  endfacet
  facet normal 0 0 1
    outer loop
      vertex 5 9.85 1
      vertex 5.12502 10.1181 1
      vertex 5.08188 10.075 1
    endloop
  endfacet
  facet normal 0 0 1
    outer loop
      vertex 5.23029 4.82111 1
      vertex 5 5.15 1
      vertex 5.175 4.84689 1
    endloop
  endfacet
  facet normal 0 0 1
    outer loop
      vertex 5 9.85 1
      vertex 5.08188 10.075 1
      vertex 5.04689 10.025 1
    endloop
  endfacet
  facet normal 0 0 1
    outer loop
      vertex 5.175 4.84689 1
      vertex 5 5.15 1
      vertex 5.12502 4.88188 1
    endloop
  endfacet
  facet normal 0 0 1
    outer loop
      vertex 5 9.85 1
      vertex 5.04689 10.025 1
      vertex 5.02111 9.96971 1
    endloop
  endfacet
  facet normal 0 0 1
    outer loop
      vertex 5.12502 4.88188 1
      vertex 5 5.15 1
      vertex 5.08188 4.92502 1
    endloop
  endfacet
  facet normal 0 0 1
    outer loop
      vertex 5 9.85 1
      vertex 5.02111 9.96971 1
      vertex 5.00532 9.91078 1
    endloop
  endfacet
  facet normal 0 0 1
    outer loop
      vertex 5.08188 4.92502 1
      vertex 5 5.15 1
      vertex 5.04689 4.975 1
    endloop
  endfacet
  facet normal 0 0 1
    outer loop
      vertex 5.04689 4.975 1
      vertex 5 5.15 1
      vertex 5.02111 5.03029 1
    endloop
  endfacet
  facet normal 0 0 1
    outer loop
      vertex 5.02111 5.03029 1
      vertex 5 5.15 1
      vertex 5.00532 5.08922 1
    endloop
  endfacet
  facet normal 0 1 -0
    outer loop
      vertex 16.05 4.8 1
      vertex 5.35 4.8 3
      vertex 16.05 4.8 3
    endloop
  endfacet
  facet normal 0 1 0
    outer loop
      vertex 5.35 4.8 3
      vertex 16.05 4.8 1
      vertex 5.35 4.8 1
    endloop
  endfacet
  facet normal -0.99622 -0.0868701 0
    outer loop
      vertex 16.4 9.85 1
      vertex 16.3947 9.91078 3
      vertex 16.3947 9.91078 1
    endloop
  endfacet
  facet normal -0.99622 -0.0868701 0
    outer loop
      vertex 16.3947 9.91078 3
      vertex 16.4 9.85 1
      vertex 16.4 9.85 3
    endloop
  endfacet
  facet normal -1 0 0
    outer loop
      vertex 16.4 5.15 1
      vertex 16.4 9.85 3
      vertex 16.4 9.85 1
    endloop
  endfacet
  facet normal -1 -0 0
    outer loop
      vertex 16.4 9.85 3
      vertex 16.4 5.15 1
      vertex 16.4 5.15 3
    endloop
  endfacet
  facet normal -0.087167 0.996194 0
    outer loop
      vertex 16.1108 4.80532 1
      vertex 16.05 4.8 3
      vertex 16.1108 4.80532 3
    endloop
  endfacet
  facet normal -0.087167 0.996194 0
    outer loop
      vertex 16.05 4.8 3
      vertex 16.1108 4.80532 1
      vertex 16.05 4.8 1
    endloop
  endfacet
  facet normal 0.996191 0.0871954 0
    outer loop
      vertex 5.00532 5.08922 3
      vertex 5 5.15 1
      vertex 5 5.15 3
    endloop
  endfacet
  facet normal 0.996191 0.0871954 0
    outer loop
      vertex 5 5.15 1
      vertex 5.00532 5.08922 3
      vertex 5.00532 5.08922 1
    endloop
  endfacet
  facet normal 1 -0 0
    outer loop
      vertex 5 5.15 3
      vertex 5 9.85 1
      vertex 5 9.85 3
    endloop
  endfacet
  facet normal 1 0 0
    outer loop
      vertex 5 9.85 1
      vertex 5 5.15 3
      vertex 5 5.15 1
    endloop
  endfacet
  facet normal 0.422859 -0.906196 0
    outer loop
      vertex 5.175 10.1531 1
      vertex 5.23029 10.1789 3
      vertex 5.175 10.1531 3
    endloop
  endfacet
  facet normal 0.422859 -0.906196 0
    outer loop
      vertex 5.23029 10.1789 3
      vertex 5.175 10.1531 1
      vertex 5.23029 10.1789 1
    endloop
  endfacet
  facet normal -0.906196 -0.422859 0
    outer loop
      vertex 16.3789 9.96971 1
      vertex 16.3531 10.025 3
      vertex 16.3531 10.025 1
    endloop
  endfacet
  facet normal -0.906196 -0.422859 0
    outer loop
      vertex 16.3531 10.025 3
      vertex 16.3789 9.96971 1
      vertex 16.3789 9.96971 3
    endloop
  endfacet
  facet normal 0 -1 0
    outer loop
      vertex 5.35 10.2 1
      vertex 16.05 10.2 3
      vertex 5.35 10.2 3
    endloop
  endfacet
  facet normal 0 -1 -0
    outer loop
      vertex 16.05 10.2 3
      vertex 5.35 10.2 1
      vertex 16.05 10.2 1
    endloop
  endfacet
  facet normal -0.965886 -0.258968 0
    outer loop
      vertex 16.3947 9.91078 1
      vertex 16.3789 9.96971 3
      vertex 16.3789 9.96971 1
    endloop
  endfacet
  facet normal -0.965886 -0.258968 0
    outer loop
      vertex 16.3789 9.96971 3
      vertex 16.3947 9.91078 1
      vertex 16.3947 9.91078 3
    endloop
  endfacet
  facet normal 0.573506 0.819201 -0
    outer loop
      vertex 5.175 4.84689 1
      vertex 5.12502 4.88188 3
      vertex 5.175 4.84689 3
    endloop
  endfacet
  facet normal 0.573506 0.819201 0
    outer loop
      vertex 5.12502 4.88188 3
      vertex 5.175 4.84689 1
      vertex 5.12502 4.88188 1
    endloop
  endfacet
  facet normal 0.819201 0.573506 0
    outer loop
      vertex 5.08188 4.92502 3
      vertex 5.04689 4.975 1
      vertex 5.04689 4.975 3
    endloop
  endfacet
  facet normal 0.819201 0.573506 0
    outer loop
      vertex 5.04689 4.975 1
      vertex 5.08188 4.92502 3
      vertex 5.08188 4.92502 1
    endloop
  endfacet
  facet normal 0.706779 -0.707435 0
    outer loop
      vertex 5.08188 10.075 3
      vertex 5.12502 10.1181 1
      vertex 5.12502 10.1181 3
    endloop
  endfacet
  facet normal 0.706779 -0.707435 0
    outer loop
      vertex 5.12502 10.1181 1
      vertex 5.08188 10.075 3
      vertex 5.08188 10.075 1
    endloop
  endfacet
  facet normal 0.906321 -0.422589 0
    outer loop
      vertex 5.02111 9.96971 3
      vertex 5.04689 10.025 1
      vertex 5.04689 10.025 3
    endloop
  endfacet
  facet normal 0.906321 -0.422589 0
    outer loop
      vertex 5.04689 10.025 1
      vertex 5.02111 9.96971 3
      vertex 5.02111 9.96971 1
    endloop
  endfacet
  facet normal 0.819309 -0.573352 0
    outer loop
      vertex 5.04689 10.025 3
      vertex 5.08188 10.075 1
      vertex 5.08188 10.075 3
    endloop
  endfacet
  facet normal 0.819309 -0.573352 0
    outer loop
      vertex 5.08188 10.075 1
      vertex 5.04689 10.025 3
      vertex 5.04689 10.025 1
    endloop
  endfacet
  facet normal -0.707107 -0.707107 0
    outer loop
      vertex 16.3181 10.075 1
      vertex 16.275 10.1181 3
      vertex 16.275 10.1181 1
    endloop
  endfacet
  facet normal -0.707107 -0.707107 0
    outer loop
      vertex 16.275 10.1181 3
      vertex 16.3181 10.075 1
      vertex 16.3181 10.075 3
    endloop
  endfacet
  facet normal -0.573462 -0.819232 0
    outer loop
      vertex 16.225 10.1531 1
      vertex 16.275 10.1181 3
      vertex 16.225 10.1531 3
    endloop
  endfacet
  facet normal -0.573462 -0.819232 -0
    outer loop
      vertex 16.275 10.1181 3
      vertex 16.225 10.1531 1
      vertex 16.275 10.1181 1
    endloop
  endfacet
  facet normal -0.422796 -0.906225 0
    outer loop
      vertex 16.1697 10.1789 1
      vertex 16.225 10.1531 3
      vertex 16.1697 10.1789 3
    endloop
  endfacet
  facet normal -0.422796 -0.906225 -0
    outer loop
      vertex 16.225 10.1531 3
      vertex 16.1697 10.1789 1
      vertex 16.225 10.1531 1
    endloop
  endfacet
  facet normal 0.258968 -0.965886 0
    outer loop
      vertex 5.23029 10.1789 1
      vertex 5.28922 10.1947 3
      vertex 5.23029 10.1789 3
    endloop
  endfacet
  facet normal 0.258968 -0.965886 0
    outer loop
      vertex 5.28922 10.1947 3
      vertex 5.23029 10.1789 1
      vertex 5.28922 10.1947 1
    endloop
  endfacet
  facet normal 0.0868701 -0.99622 0
    outer loop
      vertex 5.28922 10.1947 1
      vertex 5.35 10.2 3
      vertex 5.28922 10.1947 3
    endloop
  endfacet
  facet normal 0.0868701 -0.99622 0
    outer loop
      vertex 5.35 10.2 3
      vertex 5.28922 10.1947 1
      vertex 5.35 10.2 1
    endloop
  endfacet
  facet normal 0.996191 -0.0871954 0
    outer loop
      vertex 5 9.85 3
      vertex 5.00532 9.91078 1
      vertex 5.00532 9.91078 3
    endloop
  endfacet
  facet normal 0.996191 -0.0871954 0
    outer loop
      vertex 5.00532 9.91078 1
      vertex 5 9.85 3
      vertex 5 9.85 1
    endloop
  endfacet
  facet normal 0.965927 -0.258815 0
    outer loop
      vertex 5.00532 9.91078 3
      vertex 5.02111 9.96971 1
      vertex 5.02111 9.96971 3
    endloop
  endfacet
  facet normal 0.965927 -0.258815 0
    outer loop
      vertex 5.02111 9.96971 1
      vertex 5.00532 9.91078 3
      vertex 5.00532 9.91078 1
    endloop
  endfacet
  facet normal 0.573616 -0.819124 0
    outer loop
      vertex 5.12502 10.1181 1
      vertex 5.175 10.1531 3
      vertex 5.12502 10.1181 3
    endloop
  endfacet
  facet normal 0.573616 -0.819124 0
    outer loop
      vertex 5.175 10.1531 3
      vertex 5.12502 10.1181 1
      vertex 5.175 10.1531 1
    endloop
  endfacet
  facet normal -0.819232 -0.573462 0
    outer loop
      vertex 16.3531 10.025 1
      vertex 16.3181 10.075 3
      vertex 16.3181 10.075 1
    endloop
  endfacet
  facet normal -0.819232 -0.573462 0
    outer loop
      vertex 16.3181 10.075 3
      vertex 16.3531 10.025 1
      vertex 16.3531 10.025 3
    endloop
  endfacet
  facet normal -0.0868417 -0.996222 0
    outer loop
      vertex 16.05 10.2 1
      vertex 16.1108 10.1947 3
      vertex 16.05 10.2 3
    endloop
  endfacet
  facet normal -0.0868417 -0.996222 -0
    outer loop
      vertex 16.1108 10.1947 3
      vertex 16.05 10.2 1
      vertex 16.1108 10.1947 1
    endloop
  endfacet
  facet normal -0.259091 -0.965853 0
    outer loop
      vertex 16.1108 10.1947 1
      vertex 16.1697 10.1789 3
      vertex 16.1108 10.1947 3
    endloop
  endfacet
  facet normal -0.259091 -0.965853 -0
    outer loop
      vertex 16.1697 10.1789 3
      vertex 16.1108 10.1947 1
      vertex 16.1697 10.1789 1
    endloop
  endfacet
  facet normal -0.906196 0.422859 0
    outer loop
      vertex 16.3531 4.975 1
      vertex 16.3789 5.03029 3
      vertex 16.3789 5.03029 1
    endloop
  endfacet
  facet normal -0.906196 0.422859 0
    outer loop
      vertex 16.3789 5.03029 3
      vertex 16.3531 4.975 1
      vertex 16.3531 4.975 3
    endloop
  endfacet
  facet normal -0.258938 0.965894 0
    outer loop
      vertex 16.1697 4.82111 1
      vertex 16.1108 4.80532 3
      vertex 16.1697 4.82111 3
    endloop
  endfacet
  facet normal -0.258938 0.965894 0
    outer loop
      vertex 16.1108 4.80532 3
      vertex 16.1697 4.82111 1
      vertex 16.1108 4.80532 1
    endloop
  endfacet
  facet normal 0.707107 0.707107 0
    outer loop
      vertex 5.12502 4.88188 3
      vertex 5.08188 4.92502 1
      vertex 5.08188 4.92502 3
    endloop
  endfacet
  facet normal 0.707107 0.707107 0
    outer loop
      vertex 5.08188 4.92502 1
      vertex 5.12502 4.88188 3
      vertex 5.12502 4.88188 1
    endloop
  endfacet
  facet normal 0.258815 0.965927 -0
    outer loop
      vertex 5.28922 4.80532 1
      vertex 5.23029 4.82111 3
      vertex 5.28922 4.80532 3
    endloop
  endfacet
  facet normal 0.258815 0.965927 0
    outer loop
      vertex 5.23029 4.82111 3
      vertex 5.28922 4.80532 1
      vertex 5.23029 4.82111 1
    endloop
  endfacet
  facet normal 0.422589 0.906321 -0
    outer loop
      vertex 5.23029 4.82111 1
      vertex 5.175 4.84689 3
      vertex 5.23029 4.82111 3
    endloop
  endfacet
  facet normal 0.422589 0.906321 0
    outer loop
      vertex 5.175 4.84689 3
      vertex 5.23029 4.82111 1
      vertex 5.175 4.84689 1
    endloop
  endfacet
  facet normal -0.965886 0.258968 0
    outer loop
      vertex 16.3789 5.03029 1
      vertex 16.3947 5.08922 3
      vertex 16.3947 5.08922 1
    endloop
  endfacet
  facet normal -0.965886 0.258968 0
    outer loop
      vertex 16.3947 5.08922 3
      vertex 16.3789 5.03029 1
      vertex 16.3789 5.03029 3
    endloop
  endfacet
  facet normal -0.707435 0.706779 0
    outer loop
      vertex 16.275 4.88188 1
      vertex 16.3181 4.92502 3
      vertex 16.3181 4.92502 1
    endloop
  endfacet
  facet normal -0.707435 0.706779 0
    outer loop
      vertex 16.3181 4.92502 3
      vertex 16.275 4.88188 1
      vertex 16.275 4.88188 3
    endloop
  endfacet
  facet normal -0.422527 0.906351 0
    outer loop
      vertex 16.225 4.84689 1
      vertex 16.1697 4.82111 3
      vertex 16.225 4.84689 3
    endloop
  endfacet
  facet normal -0.422527 0.906351 0
    outer loop
      vertex 16.1697 4.82111 3
      vertex 16.225 4.84689 1
      vertex 16.1697 4.82111 1
    endloop
  endfacet
  facet normal -0.573352 0.819309 0
    outer loop
      vertex 16.275 4.88188 1
      vertex 16.225 4.84689 3
      vertex 16.275 4.88188 3
    endloop
  endfacet
  facet normal -0.573352 0.819309 0
    outer loop
      vertex 16.225 4.84689 3
      vertex 16.275 4.88188 1
      vertex 16.225 4.84689 1
    endloop
  endfacet
  facet normal 0.0871954 0.996191 -0
    outer loop
      vertex 5.35 4.8 1
      vertex 5.28922 4.80532 3
      vertex 5.35 4.8 3
    endloop
  endfacet
  facet normal 0.0871954 0.996191 0
    outer loop
      vertex 5.28922 4.80532 3
      vertex 5.35 4.8 1
      vertex 5.28922 4.80532 1
    endloop
  endfacet
  facet normal -0.99622 0.0868701 0
    outer loop
      vertex 16.3947 5.08922 1
      vertex 16.4 5.15 3
      vertex 16.4 5.15 1
    endloop
  endfacet
  facet normal -0.99622 0.0868701 0
    outer loop
      vertex 16.4 5.15 3
      vertex 16.3947 5.08922 1
      vertex 16.3947 5.08922 3
    endloop
  endfacet
  facet normal -0.819124 0.573616 0
    outer loop
      vertex 16.3181 4.92502 1
      vertex 16.3531 4.975 3
      vertex 16.3531 4.975 1
    endloop
  endfacet
  facet normal -0.819124 0.573616 0
    outer loop
      vertex 16.3531 4.975 3
      vertex 16.3181 4.92502 1
      vertex 16.3181 4.92502 3
    endloop
  endfacet
  facet normal 0.965894 0.258938 0
    outer loop
      vertex 8.52111 19.0803 3
      vertex 8.50532 19.1392 1
      vertex 8.50532 19.1392 3
    endloop
  endfacet
  facet normal 0.965894 0.258938 0
    outer loop
      vertex 8.50532 19.1392 1
      vertex 8.52111 19.0803 3
      vertex 8.52111 19.0803 1
    endloop
  endfacet
  facet normal 0.906351 0.422527 0
    outer loop
      vertex 8.54689 19.025 3
      vertex 8.52111 19.0803 1
      vertex 8.52111 19.0803 3
    endloop
  endfacet
  facet normal 0.906351 0.422527 0
    outer loop
      vertex 8.52111 19.0803 1
      vertex 8.54689 19.025 3
      vertex 8.54689 19.025 1
    endloop
  endfacet
  facet normal 0.996194 0.087167 0
    outer loop
      vertex 8.50532 19.1392 3
      vertex 8.5 19.2 1
      vertex 8.5 19.2 3
    endloop
  endfacet
  facet normal 0.996194 0.087167 0
    outer loop
      vertex 8.5 19.2 1
      vertex 8.50532 19.1392 3
      vertex 8.50532 19.1392 1
    endloop
  endfacet
  facet normal 0 1 -0
    outer loop
      vertex 15.55 18.85 1
      vertex 8.85 18.85 3
      vertex 15.55 18.85 3
    endloop
  endfacet
  facet normal 0 1 0
    outer loop
      vertex 8.85 18.85 3
      vertex 15.55 18.85 1
      vertex 8.85 18.85 1
    endloop
  endfacet
  facet normal 0.422859 0.906196 -0
    outer loop
      vertex 8.73029 18.8711 1
      vertex 8.675 18.8969 3
      vertex 8.73029 18.8711 3
    endloop
  endfacet
  facet normal 0.422859 0.906196 0
    outer loop
      vertex 8.675 18.8969 3
      vertex 8.73029 18.8711 1
      vertex 8.675 18.8969 1
    endloop
  endfacet
  facet normal -1 0 0
    outer loop
      vertex 15.9 21.025 1
      vertex 15.9 21.4 3
      vertex 15.9 21.4 1
    endloop
  endfacet
  facet normal -1 -0 0
    outer loop
      vertex 15.9 21.4 3
      vertex 15.9 21.025 1
      vertex 15.9 21.025 3
    endloop
  endfacet
  facet normal -1 0 0
    outer loop
      vertex 15.9 19.2 1
      vertex 15.9 19.575 3
      vertex 15.9 19.575 1
    endloop
  endfacet
  facet normal -1 -0 0
    outer loop
      vertex 15.9 19.575 3
      vertex 15.9 19.2 1
      vertex 15.9 19.2 3
    endloop
  endfacet
  facet normal 1 -0 0
    outer loop
      vertex 8.5 19.2 3
      vertex 8.5 19.575 1
      vertex 8.5 19.575 3
    endloop
  endfacet
  facet normal 1 0 0
    outer loop
      vertex 8.5 19.575 1
      vertex 8.5 19.2 3
      vertex 8.5 19.2 1
    endloop
  endfacet
  facet normal 1 -0 0
    outer loop
      vertex 8.5 21.025 3
      vertex 8.5 21.4 1
      vertex 8.5 21.4 3
    endloop
  endfacet
  facet normal 1 0 0
    outer loop
      vertex 8.5 21.4 1
      vertex 8.5 21.025 3
      vertex 8.5 21.025 1
    endloop
  endfacet
  facet normal -0.0868417 -0.996222 0
    outer loop
      vertex 15.55 21.75 1
      vertex 15.6108 21.7447 3
      vertex 15.55 21.75 3
    endloop
  endfacet
  facet normal -0.0868417 -0.996222 -0
    outer loop
      vertex 15.6108 21.7447 3
      vertex 15.55 21.75 1
      vertex 15.6108 21.7447 1
    endloop
  endfacet
  facet normal 0 -1 0
    outer loop
      vertex 8.85 21.75 1
      vertex 15.55 21.75 3
      vertex 8.85 21.75 3
    endloop
  endfacet
  facet normal 0 -1 -0
    outer loop
      vertex 15.55 21.75 3
      vertex 8.85 21.75 1
      vertex 15.55 21.75 1
    endloop
  endfacet
  facet normal 0.258968 -0.965886 0
    outer loop
      vertex 8.73029 21.7289 1
      vertex 8.78922 21.7447 3
      vertex 8.73029 21.7289 3
    endloop
  endfacet
  facet normal 0.258968 -0.965886 0
    outer loop
      vertex 8.78922 21.7447 3
      vertex 8.73029 21.7289 1
      vertex 8.78922 21.7447 1
    endloop
  endfacet
  facet normal -0.965853 -0.259091 0
    outer loop
      vertex 15.8947 21.4608 1
      vertex 15.8789 21.5197 3
      vertex 15.8789 21.5197 1
    endloop
  endfacet
  facet normal -0.965853 -0.259091 0
    outer loop
      vertex 15.8789 21.5197 3
      vertex 15.8947 21.4608 1
      vertex 15.8947 21.4608 3
    endloop
  endfacet
  facet normal -0.996222 -0.0868417 0
    outer loop
      vertex 15.9 21.4 1
      vertex 15.8947 21.4608 3
      vertex 15.8947 21.4608 1
    endloop
  endfacet
  facet normal -0.996222 -0.0868417 0
    outer loop
      vertex 15.8947 21.4608 3
      vertex 15.9 21.4 1
      vertex 15.9 21.4 3
    endloop
  endfacet
  facet normal -0.0868417 0.996222 0
    outer loop
      vertex 15.6108 18.8553 1
      vertex 15.55 18.85 3
      vertex 15.6108 18.8553 3
    endloop
  endfacet
  facet normal -0.0868417 0.996222 0
    outer loop
      vertex 15.55 18.85 3
      vertex 15.6108 18.8553 1
      vertex 15.55 18.85 1
    endloop
  endfacet
  facet normal 0.573616 0.819124 -0
    outer loop
      vertex 8.675 18.8969 1
      vertex 8.62502 18.9319 3
      vertex 8.675 18.8969 3
    endloop
  endfacet
  facet normal 0.573616 0.819124 0
    outer loop
      vertex 8.62502 18.9319 3
      vertex 8.675 18.8969 1
      vertex 8.62502 18.9319 1
    endloop
  endfacet
  facet normal 0.819309 -0.573352 0
    outer loop
      vertex 8.54689 21.575 3
      vertex 8.58188 21.625 1
      vertex 8.58188 21.625 3
    endloop
  endfacet
  facet normal 0.819309 -0.573352 0
    outer loop
      vertex 8.58188 21.625 1
      vertex 8.54689 21.575 3
      vertex 8.54689 21.575 1
    endloop
  endfacet
  facet normal 0.906351 -0.422527 0
    outer loop
      vertex 8.52111 21.5197 3
      vertex 8.54689 21.575 1
      vertex 8.54689 21.575 3
    endloop
  endfacet
  facet normal 0.906351 -0.422527 0
    outer loop
      vertex 8.54689 21.575 1
      vertex 8.52111 21.5197 3
      vertex 8.52111 21.5197 1
    endloop
  endfacet
  facet normal 0.996194 -0.087167 0
    outer loop
      vertex 8.5 21.4 3
      vertex 8.50532 21.4608 1
      vertex 8.50532 21.4608 3
    endloop
  endfacet
  facet normal 0.996194 -0.087167 0
    outer loop
      vertex 8.50532 21.4608 1
      vertex 8.5 21.4 3
      vertex 8.5 21.4 1
    endloop
  endfacet
  facet normal -0.422796 -0.906225 0
    outer loop
      vertex 15.6697 21.7289 1
      vertex 15.725 21.7031 3
      vertex 15.6697 21.7289 3
    endloop
  endfacet
  facet normal -0.422796 -0.906225 -0
    outer loop
      vertex 15.725 21.7031 3
      vertex 15.6697 21.7289 1
      vertex 15.725 21.7031 1
    endloop
  endfacet
  facet normal -0.573462 -0.819232 0
    outer loop
      vertex 15.725 21.7031 1
      vertex 15.775 21.6681 3
      vertex 15.725 21.7031 3
    endloop
  endfacet
  facet normal -0.573462 -0.819232 -0
    outer loop
      vertex 15.775 21.6681 3
      vertex 15.725 21.7031 1
      vertex 15.775 21.6681 1
    endloop
  endfacet
  facet normal 0.0868701 -0.99622 0
    outer loop
      vertex 8.78922 21.7447 1
      vertex 8.85 21.75 3
      vertex 8.78922 21.7447 3
    endloop
  endfacet
  facet normal 0.0868701 -0.99622 0
    outer loop
      vertex 8.85 21.75 3
      vertex 8.78922 21.7447 1
      vertex 8.85 21.75 1
    endloop
  endfacet
  facet normal -0.996222 0.0868417 0
    outer loop
      vertex 15.8947 19.1392 1
      vertex 15.9 19.2 3
      vertex 15.9 19.2 1
    endloop
  endfacet
  facet normal -0.996222 0.0868417 0
    outer loop
      vertex 15.9 19.2 3
      vertex 15.8947 19.1392 1
      vertex 15.8947 19.1392 3
    endloop
  endfacet
  facet normal -0.906225 0.422796 0
    outer loop
      vertex 15.8531 19.025 1
      vertex 15.8789 19.0803 3
      vertex 15.8789 19.0803 1
    endloop
  endfacet
  facet normal -0.906225 0.422796 0
    outer loop
      vertex 15.8789 19.0803 3
      vertex 15.8531 19.025 1
      vertex 15.8531 19.025 3
    endloop
  endfacet
  facet normal 0.706779 -0.707435 0
    outer loop
      vertex 8.58188 21.625 1
      vertex 8.62502 21.6681 3
      vertex 8.58188 21.625 3
    endloop
  endfacet
  facet normal 0.706779 -0.707435 0
    outer loop
      vertex 8.62502 21.6681 3
      vertex 8.58188 21.625 1
      vertex 8.62502 21.6681 1
    endloop
  endfacet
  facet normal 0.573616 -0.819124 0
    outer loop
      vertex 8.62502 21.6681 1
      vertex 8.675 21.7031 3
      vertex 8.62502 21.6681 3
    endloop
  endfacet
  facet normal 0.573616 -0.819124 0
    outer loop
      vertex 8.675 21.7031 3
      vertex 8.62502 21.6681 1
      vertex 8.675 21.7031 1
    endloop
  endfacet
  facet normal 0.422859 -0.906196 0
    outer loop
      vertex 8.675 21.7031 1
      vertex 8.73029 21.7289 3
      vertex 8.675 21.7031 3
    endloop
  endfacet
  facet normal 0.422859 -0.906196 0
    outer loop
      vertex 8.73029 21.7289 3
      vertex 8.675 21.7031 1
      vertex 8.73029 21.7289 1
    endloop
  endfacet
  facet normal 0.965894 -0.258938 0
    outer loop
      vertex 8.50532 21.4608 3
      vertex 8.52111 21.5197 1
      vertex 8.52111 21.5197 3
    endloop
  endfacet
  facet normal 0.965894 -0.258938 0
    outer loop
      vertex 8.52111 21.5197 1
      vertex 8.50532 21.4608 3
      vertex 8.50532 21.4608 1
    endloop
  endfacet
  facet normal -0.259091 -0.965853 0
    outer loop
      vertex 15.6108 21.7447 1
      vertex 15.6697 21.7289 3
      vertex 15.6108 21.7447 3
    endloop
  endfacet
  facet normal -0.259091 -0.965853 -0
    outer loop
      vertex 15.6697 21.7289 3
      vertex 15.6108 21.7447 1
      vertex 15.6697 21.7289 1
    endloop
  endfacet
  facet normal -0.707107 -0.707107 0
    outer loop
      vertex 15.775 21.6681 1
      vertex 15.8181 21.625 3
      vertex 15.775 21.6681 3
    endloop
  endfacet
  facet normal -0.707107 -0.707107 -0
    outer loop
      vertex 15.8181 21.625 3
      vertex 15.775 21.6681 1
      vertex 15.8181 21.625 1
    endloop
  endfacet
  facet normal -0.819232 -0.573462 0
    outer loop
      vertex 15.8531 21.575 1
      vertex 15.8181 21.625 3
      vertex 15.8181 21.625 1
    endloop
  endfacet
  facet normal -0.819232 -0.573462 0
    outer loop
      vertex 15.8181 21.625 3
      vertex 15.8531 21.575 1
      vertex 15.8531 21.575 3
    endloop
  endfacet
  facet normal -0.906225 -0.422796 0
    outer loop
      vertex 15.8789 21.5197 1
      vertex 15.8531 21.575 3
      vertex 15.8531 21.575 1
    endloop
  endfacet
  facet normal -0.906225 -0.422796 0
    outer loop
      vertex 15.8531 21.575 3
      vertex 15.8789 21.5197 1
      vertex 15.8789 21.5197 3
    endloop
  endfacet
  facet normal -0.422796 0.906225 0
    outer loop
      vertex 15.725 18.8969 1
      vertex 15.6697 18.8711 3
      vertex 15.725 18.8969 3
    endloop
  endfacet
  facet normal -0.422796 0.906225 0
    outer loop
      vertex 15.6697 18.8711 3
      vertex 15.725 18.8969 1
      vertex 15.6697 18.8711 1
    endloop
  endfacet
  facet normal -0.707107 0.707107 0
    outer loop
      vertex 15.775 18.9319 1
      vertex 15.8181 18.975 3
      vertex 15.8181 18.975 1
    endloop
  endfacet
  facet normal -0.707107 0.707107 0
    outer loop
      vertex 15.8181 18.975 3
      vertex 15.775 18.9319 1
      vertex 15.775 18.9319 3
    endloop
  endfacet
  facet normal -0.965853 0.259091 0
    outer loop
      vertex 15.8789 19.0803 1
      vertex 15.8947 19.1392 3
      vertex 15.8947 19.1392 1
    endloop
  endfacet
  facet normal -0.965853 0.259091 0
    outer loop
      vertex 15.8947 19.1392 3
      vertex 15.8789 19.0803 1
      vertex 15.8789 19.0803 3
    endloop
  endfacet
  facet normal 0.0868701 0.99622 -0
    outer loop
      vertex 8.85 18.85 1
      vertex 8.78922 18.8553 3
      vertex 8.85 18.85 3
    endloop
  endfacet
  facet normal 0.0868701 0.99622 0
    outer loop
      vertex 8.78922 18.8553 3
      vertex 8.85 18.85 1
      vertex 8.78922 18.8553 1
    endloop
  endfacet
  facet normal -0.259091 0.965853 0
    outer loop
      vertex 15.6697 18.8711 1
      vertex 15.6108 18.8553 3
      vertex 15.6697 18.8711 3
    endloop
  endfacet
  facet normal -0.259091 0.965853 0
    outer loop
      vertex 15.6108 18.8553 3
      vertex 15.6697 18.8711 1
      vertex 15.6108 18.8553 1
    endloop
  endfacet
  facet normal -0.819232 0.573462 0
    outer loop
      vertex 15.8181 18.975 1
      vertex 15.8531 19.025 3
      vertex 15.8531 19.025 1
    endloop
  endfacet
  facet normal -0.819232 0.573462 0
    outer loop
      vertex 15.8531 19.025 3
      vertex 15.8181 18.975 1
      vertex 15.8181 18.975 3
    endloop
  endfacet
  facet normal 0.258968 0.965886 -0
    outer loop
      vertex 8.78922 18.8553 1
      vertex 8.73029 18.8711 3
      vertex 8.78922 18.8553 3
    endloop
  endfacet
  facet normal 0.258968 0.965886 0
    outer loop
      vertex 8.73029 18.8711 3
      vertex 8.78922 18.8553 1
      vertex 8.73029 18.8711 1
    endloop
  endfacet
  facet normal -0.573462 0.819232 0
    outer loop
      vertex 15.775 18.9319 1
      vertex 15.725 18.8969 3
      vertex 15.775 18.9319 3
    endloop
  endfacet
  facet normal -0.573462 0.819232 0
    outer loop
      vertex 15.725 18.8969 3
      vertex 15.775 18.9319 1
      vertex 15.725 18.8969 1
    endloop
  endfacet
  facet normal 0.706779 0.707435 0
    outer loop
      vertex 8.62502 18.9319 3
      vertex 8.58188 18.975 1
      vertex 8.58188 18.975 3
    endloop
  endfacet
  facet normal 0.706779 0.707435 0
    outer loop
      vertex 8.58188 18.975 1
      vertex 8.62502 18.9319 3
      vertex 8.62502 18.9319 1
    endloop
  endfacet
  facet normal 0.819309 0.573352 0
    outer loop
      vertex 8.58188 18.975 3
      vertex 8.54689 19.025 1
      vertex 8.54689 19.025 3
    endloop
  endfacet
  facet normal 0.819309 0.573352 0
    outer loop
      vertex 8.54689 19.025 1
      vertex 8.58188 18.975 3
      vertex 8.58188 18.975 1
    endloop
  endfacet
  facet normal 0.965894 0.258938 0
    outer loop
      vertex 3.87111 25.9303 3
      vertex 3.85532 25.9892 1
      vertex 3.85532 25.9892 3
    endloop
  endfacet
  facet normal 0.965894 0.258938 0
    outer loop
      vertex 3.85532 25.9892 1
      vertex 3.87111 25.9303 3
      vertex 3.87111 25.9303 1
    endloop
  endfacet
  facet normal 0.906351 0.422527 0
    outer loop
      vertex 3.89689 25.875 3
      vertex 3.87111 25.9303 1
      vertex 3.87111 25.9303 3
    endloop
  endfacet
  facet normal 0.906351 0.422527 0
    outer loop
      vertex 3.87111 25.9303 1
      vertex 3.89689 25.875 3
      vertex 3.89689 25.875 1
    endloop
  endfacet
  facet normal 0.996194 0.087167 0
    outer loop
      vertex 3.85532 25.9892 3
      vertex 3.85 26.05 1
      vertex 3.85 26.05 3
    endloop
  endfacet
  facet normal 0.996194 0.087167 0
    outer loop
      vertex 3.85 26.05 1
      vertex 3.85532 25.9892 3
      vertex 3.85532 25.9892 1
    endloop
  endfacet
  facet normal 0 1 -0
    outer loop
      vertex 4.575 25.7 1
      vertex 4.2 25.7 3
      vertex 4.575 25.7 3
    endloop
  endfacet
  facet normal 0 1 0
    outer loop
      vertex 4.2 25.7 3
      vertex 4.575 25.7 1
      vertex 4.2 25.7 1
    endloop
  endfacet
  facet normal -1 0 0
    outer loop
      vertex 6.75 26.05 1
      vertex 6.75 31.875 3
      vertex 6.75 31.875 1
    endloop
  endfacet
  facet normal -1 -0 0
    outer loop
      vertex 6.75 31.875 3
      vertex 6.75 26.05 1
      vertex 6.75 26.05 3
    endloop
  endfacet
  facet normal 0.819309 0.573352 0
    outer loop
      vertex 3.93188 25.825 3
      vertex 3.89689 25.875 1
      vertex 3.89689 25.875 3
    endloop
  endfacet
  facet normal 0.819309 0.573352 0
    outer loop
      vertex 3.89689 25.875 1
      vertex 3.93188 25.825 3
      vertex 3.93188 25.825 1
    endloop
  endfacet
  facet normal 1 -0 0
    outer loop
      vertex 3.85 26.05 3
      vertex 3.85 31.875 1
      vertex 3.85 31.875 3
    endloop
  endfacet
  facet normal 1 0 0
    outer loop
      vertex 3.85 31.875 1
      vertex 3.85 26.05 3
      vertex 3.85 26.05 1
    endloop
  endfacet
  facet normal 0.573616 0.819124 -0
    outer loop
      vertex 4.025 25.7469 1
      vertex 3.97502 25.7819 3
      vertex 4.025 25.7469 3
    endloop
  endfacet
  facet normal 0.573616 0.819124 0
    outer loop
      vertex 3.97502 25.7819 3
      vertex 4.025 25.7469 1
      vertex 3.97502 25.7819 1
    endloop
  endfacet
  facet normal -0.996194 0.087167 0
    outer loop
      vertex 6.74468 25.9892 1
      vertex 6.75 26.05 3
      vertex 6.75 26.05 1
    endloop
  endfacet
  facet normal -0.996194 0.087167 0
    outer loop
      vertex 6.75 26.05 3
      vertex 6.74468 25.9892 1
      vertex 6.74468 25.9892 3
    endloop
  endfacet
  facet normal -0.965894 0.258938 0
    outer loop
      vertex 6.72889 25.9303 1
      vertex 6.74468 25.9892 3
      vertex 6.74468 25.9892 1
    endloop
  endfacet
  facet normal -0.965894 0.258938 0
    outer loop
      vertex 6.74468 25.9892 3
      vertex 6.72889 25.9303 1
      vertex 6.72889 25.9303 3
    endloop
  endfacet
  facet normal -0.906351 0.422527 0
    outer loop
      vertex 6.70311 25.875 1
      vertex 6.72889 25.9303 3
      vertex 6.72889 25.9303 1
    endloop
  endfacet
  facet normal -0.906351 0.422527 0
    outer loop
      vertex 6.72889 25.9303 3
      vertex 6.70311 25.875 1
      vertex 6.70311 25.875 3
    endloop
  endfacet
  facet normal -0.819232 0.573462 0
    outer loop
      vertex 6.66811 25.825 1
      vertex 6.70311 25.875 3
      vertex 6.70311 25.875 1
    endloop
  endfacet
  facet normal -0.819232 0.573462 0
    outer loop
      vertex 6.70311 25.875 3
      vertex 6.66811 25.825 1
      vertex 6.66811 25.825 3
    endloop
  endfacet
  facet normal 0.0868701 0.99622 -0
    outer loop
      vertex 4.2 25.7 1
      vertex 4.13922 25.7053 3
      vertex 4.2 25.7 3
    endloop
  endfacet
  facet normal 0.0868701 0.99622 0
    outer loop
      vertex 4.13922 25.7053 3
      vertex 4.2 25.7 1
      vertex 4.13922 25.7053 1
    endloop
  endfacet
  facet normal 0.258968 0.965886 -0
    outer loop
      vertex 4.13922 25.7053 1
      vertex 4.08029 25.7211 3
      vertex 4.13922 25.7053 3
    endloop
  endfacet
  facet normal 0.258968 0.965886 0
    outer loop
      vertex 4.08029 25.7211 3
      vertex 4.13922 25.7053 1
      vertex 4.08029 25.7211 1
    endloop
  endfacet
  facet normal -0.573616 0.819124 0
    outer loop
      vertex 6.62498 25.7819 1
      vertex 6.575 25.7469 3
      vertex 6.62498 25.7819 3
    endloop
  endfacet
  facet normal -0.573616 0.819124 0
    outer loop
      vertex 6.575 25.7469 3
      vertex 6.62498 25.7819 1
      vertex 6.575 25.7469 1
    endloop
  endfacet
  facet normal -0.422727 0.906257 0
    outer loop
      vertex 6.575 25.7469 1
      vertex 6.52805 25.725 3
      vertex 6.575 25.7469 3
    endloop
  endfacet
  facet normal -0.422727 0.906257 0
    outer loop
      vertex 6.52805 25.725 3
      vertex 6.575 25.7469 1
      vertex 6.52805 25.725 1
    endloop
  endfacet
  facet normal 0.422859 0.906196 -0
    outer loop
      vertex 4.08029 25.7211 1
      vertex 4.025 25.7469 3
      vertex 4.08029 25.7211 3
    endloop
  endfacet
  facet normal 0.422859 0.906196 0
    outer loop
      vertex 4.025 25.7469 3
      vertex 4.08029 25.7211 1
      vertex 4.025 25.7469 1
    endloop
  endfacet
  facet normal 0.706779 0.707435 0
    outer loop
      vertex 3.97502 25.7819 3
      vertex 3.93188 25.825 1
      vertex 3.93188 25.825 3
    endloop
  endfacet
  facet normal 0.706779 0.707435 0
    outer loop
      vertex 3.93188 25.825 1
      vertex 3.97502 25.7819 3
      vertex 3.97502 25.7819 1
    endloop
  endfacet
  facet normal -0.706861 0.707353 0
    outer loop
      vertex 6.62498 25.7819 1
      vertex 6.66811 25.825 3
      vertex 6.66811 25.825 1
    endloop
  endfacet
  facet normal -0.706861 0.707353 0
    outer loop
      vertex 6.66811 25.825 3
      vertex 6.62498 25.7819 1
      vertex 6.62498 25.7819 3
    endloop
  endfacet
  facet normal 0.906084 0.423097 0
    outer loop
      vertex 10.8469 25.875 3
      vertex 10.825 25.9219 1
      vertex 10.825 25.9219 3
    endloop
  endfacet
  facet normal 0.906084 0.423097 0
    outer loop
      vertex 10.825 25.9219 1
      vertex 10.8469 25.875 3
      vertex 10.8469 25.875 1
    endloop
  endfacet
  facet normal 0 1 -0
    outer loop
      vertex 14.85 25.7 1
      vertex 13.725 25.7 3
      vertex 14.85 25.7 3
    endloop
  endfacet
  facet normal 0 1 0
    outer loop
      vertex 13.725 25.7 3
      vertex 14.85 25.7 1
      vertex 13.725 25.7 1
    endloop
  endfacet
  facet normal -1 0 0
    outer loop
      vertex 15.2 26.05 1
      vertex 15.2 31.875 3
      vertex 15.2 31.875 1
    endloop
  endfacet
  facet normal -1 -0 0
    outer loop
      vertex 15.2 31.875 3
      vertex 15.2 26.05 1
      vertex 15.2 26.05 3
    endloop
  endfacet
  facet normal -0.707107 0.707107 0
    outer loop
      vertex 15.075 25.7819 1
      vertex 15.1181 25.825 3
      vertex 15.1181 25.825 1
    endloop
  endfacet
  facet normal -0.707107 0.707107 0
    outer loop
      vertex 15.1181 25.825 3
      vertex 15.075 25.7819 1
      vertex 15.075 25.7819 3
    endloop
  endfacet
  facet normal 0.573462 0.819232 -0
    outer loop
      vertex 10.975 25.7469 1
      vertex 10.925 25.7819 3
      vertex 10.975 25.7469 3
    endloop
  endfacet
  facet normal 0.573462 0.819232 0
    outer loop
      vertex 10.925 25.7819 3
      vertex 10.975 25.7469 1
      vertex 10.925 25.7819 1
    endloop
  endfacet
  facet normal -0.996222 0.0868417 0
    outer loop
      vertex 15.1947 25.9892 1
      vertex 15.2 26.05 3
      vertex 15.2 26.05 1
    endloop
  endfacet
  facet normal -0.996222 0.0868417 0
    outer loop
      vertex 15.2 26.05 3
      vertex 15.1947 25.9892 1
      vertex 15.1947 25.9892 3
    endloop
  endfacet
  facet normal -0.965853 0.259091 0
    outer loop
      vertex 15.1789 25.9303 1
      vertex 15.1947 25.9892 3
      vertex 15.1947 25.9892 1
    endloop
  endfacet
  facet normal -0.965853 0.259091 0
    outer loop
      vertex 15.1947 25.9892 3
      vertex 15.1789 25.9303 1
      vertex 15.1789 25.9303 3
    endloop
  endfacet
  facet normal -0.906225 0.422796 0
    outer loop
      vertex 15.1531 25.875 1
      vertex 15.1789 25.9303 3
      vertex 15.1789 25.9303 1
    endloop
  endfacet
  facet normal -0.906225 0.422796 0
    outer loop
      vertex 15.1789 25.9303 3
      vertex 15.1531 25.875 1
      vertex 15.1531 25.875 3
    endloop
  endfacet
  facet normal -0.259091 0.965853 0
    outer loop
      vertex 14.9697 25.7211 1
      vertex 14.9108 25.7053 3
      vertex 14.9697 25.7211 3
    endloop
  endfacet
  facet normal -0.259091 0.965853 0
    outer loop
      vertex 14.9108 25.7053 3
      vertex 14.9697 25.7211 1
      vertex 14.9108 25.7053 1
    endloop
  endfacet
  facet normal -0.0868417 0.996222 0
    outer loop
      vertex 14.9108 25.7053 1
      vertex 14.85 25.7 3
      vertex 14.9108 25.7053 3
    endloop
  endfacet
  facet normal -0.0868417 0.996222 0
    outer loop
      vertex 14.85 25.7 3
      vertex 14.9108 25.7053 1
      vertex 14.85 25.7 1
    endloop
  endfacet
  facet normal -0.422796 0.906225 0
    outer loop
      vertex 15.025 25.7469 1
      vertex 14.9697 25.7211 3
      vertex 15.025 25.7469 3
    endloop
  endfacet
  facet normal -0.422796 0.906225 0
    outer loop
      vertex 14.9697 25.7211 3
      vertex 15.025 25.7469 1
      vertex 14.9697 25.7211 1
    endloop
  endfacet
  facet normal -0.573462 0.819232 0
    outer loop
      vertex 15.075 25.7819 1
      vertex 15.025 25.7469 3
      vertex 15.075 25.7819 3
    endloop
  endfacet
  facet normal -0.573462 0.819232 0
    outer loop
      vertex 15.025 25.7469 3
      vertex 15.075 25.7819 1
      vertex 15.025 25.7469 1
    endloop
  endfacet
  facet normal -0.819232 0.573462 0
    outer loop
      vertex 15.1181 25.825 1
      vertex 15.1531 25.875 3
      vertex 15.1531 25.875 1
    endloop
  endfacet
  facet normal -0.819232 0.573462 0
    outer loop
      vertex 15.1531 25.875 3
      vertex 15.1181 25.825 1
      vertex 15.1181 25.825 3
    endloop
  endfacet
  facet normal 0.423097 0.906084 -0
    outer loop
      vertex 11.0219 25.725 1
      vertex 10.975 25.7469 3
      vertex 11.0219 25.725 3
    endloop
  endfacet
  facet normal 0.423097 0.906084 0
    outer loop
      vertex 10.975 25.7469 3
      vertex 11.0219 25.725 1
      vertex 10.975 25.7469 1
    endloop
  endfacet
  facet normal 0.707107 0.707107 0
    outer loop
      vertex 10.925 25.7819 3
      vertex 10.8819 25.825 1
      vertex 10.8819 25.825 3
    endloop
  endfacet
  facet normal 0.707107 0.707107 0
    outer loop
      vertex 10.8819 25.825 1
      vertex 10.925 25.7819 3
      vertex 10.925 25.7819 1
    endloop
  endfacet
  facet normal 0.819232 0.573462 0
    outer loop
      vertex 10.8819 25.825 3
      vertex 10.8469 25.875 1
      vertex 10.8469 25.875 3
    endloop
  endfacet
  facet normal 0.819232 0.573462 0
    outer loop
      vertex 10.8469 25.875 1
      vertex 10.8819 25.825 3
      vertex 10.8819 25.825 1
    endloop
  endfacet
endsolid OpenSCAD_Model
